<?xml version="1.0" encoding="UTF-8"?>
<metadata xml:lang="en"><Esri><CreaDate>20190219</CreaDate><CreaTime>16044600</CreaTime><ArcGISFormat>1.0</ArcGISFormat><ArcGISstyle>FGDC CSDGM Metadata</ArcGISstyle><SyncOnce>FALSE</SyncOnce><DataProperties><itemProps><itemName Sync="TRUE">FishPassRegionsv6</itemName><nativeExtBox><westBL Sync="TRUE">-124.535124</westBL><eastBL Sync="TRUE">-116.314116</eastBL><southBL Sync="TRUE">32.442944</southBL><northBL Sync="TRUE">43.138616</northBL><exTypeCode Sync="TRUE">1</exTypeCode></nativeExtBox><itemSize Sync="TRUE">2.996</itemSize><itemLocation><linkage Sync="TRUE">file://\\neoterra\gis\projects\FishPass_PSMFC_2018\Data\Source\FishPassRegionsv6\FishPassRegionsv6.shp</linkage><protocol Sync="TRUE">Local Area Network</protocol></itemLocation><imsContentType Sync="TRUE" export="False">002</imsContentType></itemProps><coordRef><type Sync="TRUE">Geographic</type><geogcsn Sync="TRUE">GCS_North_American_1983</geogcsn><csUnits Sync="TRUE">Angular Unit: Degree (0.017453)</csUnits><peXml Sync="TRUE">&lt;GeographicCoordinateSystem xsi:type='typens:GeographicCoordinateSystem' xmlns:xsi='http://www.w3.org/2001/XMLSchema-instance' xmlns:xs='http://www.w3.org/2001/XMLSchema' xmlns:typens='http://www.esri.com/schemas/ArcGIS/10.4'&gt;&lt;WKT&gt;GEOGCS[&amp;quot;GCS_North_American_1983&amp;quot;,DATUM[&amp;quot;D_North_American_1983&amp;quot;,SPHEROID[&amp;quot;GRS_1980&amp;quot;,6378137.0,298.257222101]],PRIMEM[&amp;quot;Greenwich&amp;quot;,0.0],UNIT[&amp;quot;Degree&amp;quot;,0.0174532925199433],AUTHORITY[&amp;quot;EPSG&amp;quot;,4269]]&lt;/WKT&gt;&lt;XOrigin&gt;-400&lt;/XOrigin&gt;&lt;YOrigin&gt;-400&lt;/YOrigin&gt;&lt;XYScale&gt;11258999068426.238&lt;/XYScale&gt;&lt;ZOrigin&gt;-100000&lt;/ZOrigin&gt;&lt;ZScale&gt;10000&lt;/ZScale&gt;&lt;MOrigin&gt;-100000&lt;/MOrigin&gt;&lt;MScale&gt;10000&lt;/MScale&gt;&lt;XYTolerance&gt;8.9831528411952133e-009&lt;/XYTolerance&gt;&lt;ZTolerance&gt;0.001&lt;/ZTolerance&gt;&lt;MTolerance&gt;0.001&lt;/MTolerance&gt;&lt;HighPrecision&gt;true&lt;/HighPrecision&gt;&lt;LeftLongitude&gt;-180&lt;/LeftLongitude&gt;&lt;WKID&gt;4269&lt;/WKID&gt;&lt;LatestWKID&gt;4269&lt;/LatestWKID&gt;&lt;/GeographicCoordinateSystem&gt;</peXml></coordRef><lineage><Process Name="Project" ToolSource="c:\program files\arcgis\pro\Resources\ArcToolbox\toolboxes\Data Management Tools.tbx\Project" Date="20190219" Time="160446">Project G:\projects\FishPass_PSMFC_2018\Data\Source\FishPassRegionsv6\FishPassRegionsv6.shp G:\projects\FishPass_PSMFC_2018\Deliverables\Data\GeoSelexLyrs\FishPassRegionsv6_complex.shp PROJCS['WGS_1984_Web_Mercator_Auxiliary_Sphere',GEOGCS['GCS_WGS_1984',DATUM['D_WGS_1984',SPHEROID['WGS_1984',6378137.0,298.257223563]],PRIMEM['Greenwich',0.0],UNIT['Degree',0.0174532925199433]],PROJECTION['Mercator_Auxiliary_Sphere'],PARAMETER['False_Easting',0.0],PARAMETER['False_Northing',0.0],PARAMETER['Central_Meridian',0.0],PARAMETER['Standard_Parallel_1',0.0],PARAMETER['Auxiliary_Sphere_Type',0.0],UNIT['Meter',1.0]] WGS_1984_(ITRF00)_To_NAD_1983 GEOGCS['GCS_North_American_1983',DATUM['D_North_American_1983',SPHEROID['GRS_1980',6378137.0,298.257222101]],PRIMEM['Greenwich',0.0],UNIT['Degree',0.0174532925199433]] NO_PRESERVE_SHAPE # NO_VERTICAL</Process><Process Name="Delete Field" ToolSource="c:\program files\arcgis\pro\Resources\ArcToolbox\toolboxes\Data Management Tools.tbx\DeleteField" Date="20190219" Time="160446">DeleteField G:\projects\FishPass_PSMFC_2018\Deliverables\Data\GeoSelexLyrs\FishPassRegionsv6_complex.shp Shape_Leng;Shape_Area</Process></lineage></DataProperties><SyncDate>20181214</SyncDate><SyncTime>12504600</SyncTime><ModDate>20181214</ModDate><ModTime>12504600</ModTime><scaleRange><minScale>150000000</minScale><maxScale>5000</maxScale></scaleRange><ArcGISProfile>FGDC</ArcGISProfile></Esri><mdChar><CharSetCd value="004"/></mdChar><mdContact><editorSource>external</editorSource><editorDigest>2da8f1493fe5a394dd76ce322b25d33</editorDigest><rpIndName>Anne Elston</rpIndName><rpOrgName>Pacific States Marine Fisheries Commission</rpOrgName><rpPosName>Current Data Management Specialist for the PAD (PAD Administrator)</rpPosName><rpCntInfo><cntPhone><voiceNum>916-327-3937</voiceNum><faxNum>916-327-8854</faxNum></cntPhone><cntAddress addressType="both"><delPoint>830 S Street</delPoint><city>Sacramento</city><adminArea>California</adminArea><postCode>95814</postCode><eMailAdd>Anne.Elston@wildlife.ca.gov</eMailAdd></cntAddress></rpCntInfo><editorSave>True</editorSave><displayName>Anne Elston</displayName><role><RoleCd value="006"/></role></mdContact><dataIdInfo><idCitation xmlns=""><citRespParty><editorSource>external</editorSource><editorDigest>2da8f1493fe5a394dd76ce322b25d33</editorDigest><rpIndName>Anne Elston</rpIndName><rpOrgName>Pacific States Marine Fisheries Commission</rpOrgName><rpPosName>Current Data Management Specialist for the PAD (PAD Administrator)</rpPosName><rpCntInfo><cntPhone><voiceNum>916-327-3937</voiceNum><faxNum>916-327-8854</faxNum></cntPhone><cntAddress addressType="both"><delPoint>830 S Street</delPoint><city>Sacramento</city><adminArea>California</adminArea><postCode>95814</postCode><eMailAdd>Anne.Elston@wildlife.ca.gov</eMailAdd></cntAddress></rpCntInfo><editorSave>True</editorSave><displayName>Anne Elston</displayName><role><RoleCd value="006"/></role></citRespParty><date><createDate>2016-07-21T00:00:00</createDate><reviseDate>2018-12-04T00:00:00</reviseDate><pubDate>2018-12-04T00:00:00</pubDate></date><resTitle Sync="TRUE">FishPassRegionsv6</resTitle><presForm xmlns=""><PresFormCd value="005" Sync="TRUE"/></presForm></idCitation><idPurp>This spatial file is used by the FISHPass tool for spatial filtering of barrier data. </idPurp><idAbs>&lt;DIV STYLE="text-align:Left;"&gt;&lt;DIV&gt;&lt;DIV&gt;&lt;P STYLE="margin:0 0 11 0;"&gt;&lt;SPAN&gt;&lt;SPAN&gt;The spatial file breaks up the geographic scope of FISHPass into four different regions (e.g., North Coast, Central Coast, South Coast and Central Valley (NC, CC, SC and CV)). These regions were created using sub-watersheds (HUC 12) in California and those on the Oregon border that flow into or out of California. These subwatersheds were derived from USGS's Watershed Boundary Dataset and generally overlap with the watersheds that were historically and are currently accessible by anadromous fish including steelhead, coho and chinook. The watersheds were dissolved into four separate polygons that are of distinct regions (e.g., NC, CC, SC and CV) and generally correspond to NOAA’s Evolutionary Significant Units and Distinct Population Segments for salmonids&lt;/SPAN&gt;&lt;/SPAN&gt;&lt;/P&gt;&lt;/DIV&gt;&lt;/DIV&gt;&lt;/DIV&gt;</idAbs><searchKeys><keyword>focus regions</keyword><keyword>california</keyword></searchKeys><resMaint xmlns=""><maintFreq><MaintFreqCd value="011"/></maintFreq><maintCont xmlns=""><editorSource>external</editorSource><editorDigest>2da8f1493fe5a394dd76ce322b25d33</editorDigest><rpIndName>Anne Elston</rpIndName><rpOrgName>Pacific States Marine Fisheries Commission</rpOrgName><rpPosName>Current Data Management Specialist for the PAD (PAD Administrator)</rpPosName><rpCntInfo><cntPhone><voiceNum>916-327-3937</voiceNum><faxNum>916-327-8854</faxNum></cntPhone><cntAddress addressType="both"><delPoint>830 S Street</delPoint><city>Sacramento</city><adminArea>California</adminArea><postCode>95814</postCode><eMailAdd>Anne.Elston@wildlife.ca.gov</eMailAdd></cntAddress></rpCntInfo><editorSave>True</editorSave><displayName>Anne Elston</displayName><role><RoleCd value="006"/></role></maintCont></resMaint><dataChar><CharSetCd value="004"/></dataChar><idStatus><ProgCd value="001"/></idStatus><idPoC xmlns=""><editorSource>external</editorSource><editorDigest>2da8f1493fe5a394dd76ce322b25d33</editorDigest><rpIndName>Anne Elston</rpIndName><rpOrgName>Pacific States Marine Fisheries Commission</rpOrgName><rpPosName>Current Data Management Specialist for the PAD (PAD Administrator)</rpPosName><rpCntInfo xmlns=""><cntPhone><voiceNum tddtty="">916-327-3937</voiceNum><faxNum>916-327-8854</faxNum></cntPhone><cntAddress addressType="both"><delPoint>830 S Street</delPoint><city>Sacramento</city><adminArea>California</adminArea><postCode>95814</postCode><eMailAdd>Anne.Elston@wildlife.ca.gov</eMailAdd></cntAddress></rpCntInfo><editorSave>True</editorSave><displayName>Anne Elston</displayName><role><RoleCd value="006"/></role></idPoC><envirDesc Sync="TRUE"> Version 6.2 (Build 9200) ; Esri ArcGIS 10.4.0.5524</envirDesc><dataLang><languageCode value="eng" Sync="TRUE"/><countryCode value="USA" Sync="TRUE"/></dataLang><spatRpType><SpatRepTypCd value="001" Sync="TRUE"/></spatRpType><dataExt><geoEle xmlns=""><GeoBndBox esriExtentType="search"><exTypeCode Sync="TRUE">1</exTypeCode><westBL Sync="TRUE">-124.535124</westBL><eastBL Sync="TRUE">-116.314116</eastBL><northBL Sync="TRUE">43.138616</northBL><southBL Sync="TRUE">32.442944</southBL></GeoBndBox></geoEle></dataExt><tpCat><TopicCatCd value="007"/></tpCat><tpCat><TopicCatCd value="015"/></tpCat></dataIdInfo><mdMaint><maintFreq><MaintFreqCd value="011"/></maintFreq></mdMaint><dqInfo><dataLineage><statement>Regions were derived from USGS Watershed Boundary Dataset HUC 12 boundaries (sub-watersheds) in California and those on the Oregon border that flow into and out of California. The HUC 12 boundaries were dissolved into four distinct regions - North Coast, Central Coast, South Coast and Central Valley. Determining the breaks between the North Coast, Central Coast and South Coast came from NOAA's Evolutionary Significant Units and Distinct Population Segments for salmonids (i.e., the Northern California Steelhead, Central California Coast Steelhead/South-central California Coast Steelhead and Southern California Steelhead, respectively). </statement><dataSource><srcDesc>USGS Watershed Bounday Dataset HUC 12 boundaries (sub-watersheds)</srcDesc></dataSource></dataLineage></dqInfo><eainfo><detailed Name="FishPassRegionsv6"><enttyp><enttypl Sync="TRUE">FishPassRegionsv6</enttypl><enttypt Sync="TRUE">Feature Class</enttypt><enttypc Sync="TRUE">4</enttypc><enttypd>Feature class breaks up the geographic scope of FISHPass into four different regions (e.g., North Coast, Central Coast, South Coast and Central Valley).</enttypd><enttypds>Originator</enttypds></enttyp><attr><attrlabl Sync="TRUE">FID</attrlabl><attalias Sync="TRUE">FID</attalias><attrtype Sync="TRUE">OID</attrtype><attwidth Sync="TRUE">4</attwidth><atprecis Sync="TRUE">0</atprecis><attscale Sync="TRUE">0</attscale><attrdef Sync="TRUE">Internal feature number.</attrdef><attrdefs Sync="TRUE">Esri</attrdefs><attrdomv><udom Sync="TRUE">Sequential unique whole numbers that are automatically generated.</udom></attrdomv></attr><attr><attrlabl Sync="TRUE">OBJECTID</attrlabl><attalias Sync="TRUE">OBJECTID</attalias><attrtype Sync="TRUE">Integer</attrtype><attwidth Sync="TRUE">10</attwidth><atprecis Sync="TRUE">10</atprecis><attscale Sync="TRUE">0</attscale><attrdef Sync="TRUE">Internal feature number.</attrdef><attrdefs Sync="TRUE">Esri</attrdefs><attrdomv><udom Sync="TRUE">Sequential unique whole numbers that are automatically generated.</udom></attrdomv></attr><attr><attrlabl Sync="TRUE">Shape</attrlabl><attalias Sync="TRUE">Shape</attalias><attrtype Sync="TRUE">Geometry</attrtype><attwidth Sync="TRUE">0</attwidth><atprecis Sync="TRUE">0</atprecis><attscale Sync="TRUE">0</attscale><attrdef Sync="TRUE">Feature geometry.</attrdef><attrdefs Sync="TRUE">Esri</attrdefs><attrdomv><udom Sync="TRUE">Coordinates defining the features.</udom></attrdomv></attr><attr><attrlabl Sync="TRUE">Region</attrlabl><attalias Sync="TRUE">Region</attalias><attrtype Sync="TRUE">String</attrtype><attwidth Sync="TRUE">50</attwidth><atprecis Sync="TRUE">0</atprecis><attscale Sync="TRUE">0</attscale><attrdef>The acronym for the Region. </attrdef><attrdefs>Originator</attrdefs><attrdomv><edom><edomv>NC</edomv><edomvd>North Coast</edomvd><edomvds>Originator</edomvds></edom><edom><edomv>CC</edomv><edomvd>Central Coast</edomvd><edomvds>Originator</edomvds></edom><edom><edomv>SC</edomv><edomvd>South Coast</edomvd><edomvds>Originator</edomvds></edom><edom><edomv>CV</edomv><edomvd>Central Valley</edomvd><edomvds>Originator</edomvds></edom></attrdomv></attr><attr><attrlabl Sync="TRUE">Region_Lon</attrlabl><attalias Sync="TRUE">Region_Lon</attalias><attrtype Sync="TRUE">String</attrtype><attwidth Sync="TRUE">100</attwidth><atprecis Sync="TRUE">0</atprecis><attscale Sync="TRUE">0</attscale></attr><attr><attrlabl Sync="TRUE">Shape_Leng</attrlabl><attalias Sync="TRUE">Shape_Leng</attalias><attrtype Sync="TRUE">Double</attrtype><attwidth Sync="TRUE">19</attwidth><atprecis Sync="TRUE">0</atprecis><attscale Sync="TRUE">0</attscale></attr><attr><attrlabl Sync="TRUE">Shape_Area</attrlabl><attalias Sync="TRUE">Shape_Area</attalias><attrtype Sync="TRUE">Double</attrtype><attwidth Sync="TRUE">19</attwidth><atprecis Sync="TRUE">0</atprecis><attscale Sync="TRUE">0</attscale><attrdef Sync="TRUE">Area of feature in internal units squared.</attrdef><attrdefs Sync="TRUE">Esri</attrdefs><attrdomv><udom Sync="TRUE">Positive real numbers that are automatically generated.</udom></attrdomv><attrdomv><rdom><rdommin>3.938666</rdommin><rdommax>12.548854</rdommax></rdom></attrdomv></attr></detailed></eainfo><mdLang><languageCode value="eng" Sync="TRUE"/><countryCode value="USA" Sync="TRUE"/></mdLang><distInfo><distFormat><formatName Sync="TRUE">Shapefile</formatName></distFormat><distTranOps><transSize Sync="TRUE">2.996</transSize></distTranOps></distInfo><mdHrLv><ScopeCd value="005" Sync="TRUE"/></mdHrLv><mdHrLvName Sync="TRUE">dataset</mdHrLvName><refSysInfo><RefSystem><refSysID><identCode code="4269" Sync="TRUE"/><idCodeSpace Sync="TRUE">EPSG</idCodeSpace><idVersion Sync="TRUE">6.12(3.0.1)</idVersion></refSysID></RefSystem></refSysInfo><spatRepInfo><VectSpatRep><geometObjs Name="FishPassRegionsv6"><geoObjTyp><GeoObjTypCd value="002" Sync="TRUE"></GeoObjTypCd></geoObjTyp><geoObjCnt Sync="TRUE">4</geoObjCnt></geometObjs><topLvl><TopoLevCd value="001" Sync="TRUE"></TopoLevCd></topLvl></VectSpatRep></spatRepInfo><spdoinfo><ptvctinf><esriterm Name="FishPassRegionsv6"><efeatyp Sync="TRUE">Simple</efeatyp><efeageom code="4" Sync="TRUE"></efeageom><esritopo Sync="TRUE">FALSE</esritopo><efeacnt Sync="TRUE">4</efeacnt><spindex Sync="TRUE">TRUE</spindex><linrefer Sync="TRUE">FALSE</linrefer></esriterm></ptvctinf></spdoinfo><mdDateSt Sync="TRUE">20181214</mdDateSt></metadata>
