<?xml version="1.0" encoding="UTF-8"?>
<metadata>
	<idinfo>
		<citation>
			<citeinfo>
				<origin>NOAA Fisheries, National Marine Fisheries Service</origin>
				<pubdate>Varies</pubdate>
				<pubtime>Unknown</pubtime>
				<title>Central Valley Spring-run Chinook Salmon ESU</title>
				<edition>1</edition>
				<geoform>vector digital data</geoform>
				<pubinfo>
					<pubplace>Portland, Oregon</pubplace>
					<publish>NOAA Fisheries, NMFS</publish>
				</pubinfo>
				<ftname Sync="TRUE">CKCVS</ftname></citeinfo>
		</citation>
		<descript>
			<abstract>This dataset depicts the general boundaries of the Central Valley Spring-run Chinook Salmon evolutionarily significant unit (ESU) (i.e., a distinct population segment (DPS) under the U.S. Endangered Species Act) as well as the historical population structure of the species.  These boundaries represent the freshwater spawning areas occupied currently and historically.  Only the areas coded as Accessible (in attribute "Class") constitute the defined ESU/DPS boundary.</abstract>
			<purpose>This dataset is intended to provide GIS users with data for creating maps that depict the ESU/DPS boundary as well as the historical structure of the population.  The data are based on the most recent species description found in agency regulations and published in the Federal Register.  The polygons illustrate the location and extent of freshwater spawning areas occupied currently (the ESU/DPS boundary) or historically. However, these data DO NOT constitute a legal boundary or definition for this DPS.
These data are based on the most recent species description found in agency regulations at 50 CFR 17.11, 50 CFR 223.102, and 50 CFR 224.101.  

Please see Supplemental Information for more details regarding this dataset.</purpose>
			<supplinf>The original spatial dataset representing this DPS' boundary was created in 1994.  This updated dataset incorporates a significant review, revision, and refinement of the boundary using more recent watershed and species' distribution data layers.

Specifically, NOAA Fisheries used the 6th field hydrologic unit polygon spatial dataset from the U.S. Department of Agriculture, Natural Resources Conservation Service, National Cartography and Geospatial Center (12-Digit Watershed Boundary Dataset (WBD), 2009, 1:24,000, http://www.ncgc.nrcs.usda.gov/products/datasets/watershed/) to build the freshwater boundaries for this and other salmon and steelhead DPSs listed under the U.S. Endangered Species Act in California, Oregon, Washington, and Idaho. NOAA Fisheries also reviewed barrier information for each DPS including (for California) the Passage Assessment Database (Pacific States Marine Fisheries Commission, September 2010, http://www.calfish.org) 

NOTE:  The boundaries contained in this dataset focus specifically on watersheds known to currently or historically support spawning habitat for each ESU/DPS.  Other downstream areas used for rearing and migration to/from the ocean are NOT necessarily included within these boundaries.  Also, while the ESU/DPS is known to occur within the general boundary depicted in this dataset, it does not necessarily inhabit all river reaches within  the boundary.

The dataset was developed based on each species' legal description (found at 50 CFR 17.11, 50 CFR 223.102, and 50 CFR 224.101) as well as the historical population structure defined by NOAA Fisheries Science Center Biological Review Teams (BRTs). Using the 6th field HUCs, watersheds within the spawning range of each DPS were identified and combined into larger polygons to form the overall boundary.  HUC polygons were not altered in any manner except as noted below under "HUC CHANGES."  All HUCs within the legal boundary descriptions and below identified impassible anthropogenic barriers were deemed accessible and considered part of the DPS boundary.  If any part of a HUC was accessible then the entire HUC was coded as accessible.  All HUCs upstream of impassible anthropogenic barriers and within the DPS historical structure recognized by the BRT have been identified as anthropogenically blocked.  These areas are not contained in the legal definition but their identification contributes to an overall understanding of the species/DPS range.</supplinf>
			<langdata Sync="TRUE">en</langdata></descript>
		<timeperd>
			<timeinfo>
				<rngdates>
					<begdate>2011</begdate>
					<enddate>2012</enddate>
				</rngdates>
			</timeinfo>
			<current>publication date</current>
		</timeperd>
		<status>
			<progress>Complete</progress>
			<update>As needed</update>
		</status>
		<spdom>
			<bounding>
				<westbc>-124.409719</westbc>
				<eastbc>-122.529490</eastbc>
				<northbc>41.546289</northbc>
				<southbc>38.298759</southbc>
			</bounding>
			<lboundng><leftbc Sync="TRUE">-123.068989</leftbc><rightbc Sync="TRUE">-118.333981</rightbc><bottombc Sync="TRUE">36.324734</bottombc><topbc Sync="TRUE">41.826452</topbc></lboundng></spdom>
		<keywords>
			<theme>
				<themekt>None</themekt>
				<themekey>ESU</themekey>
				<themekey>DPS</themekey>
				<themekey>Salmon</themekey>
				<themekey>Chinook</themekey>
				<themekey>Steelhead</themekey>
				<themekey>NOAA</themekey>
				<themekey>NMFS</themekey>
				<themekey>California</themekey>
				<themekey>Oregon</themekey>
				<themekey>Washington</themekey>
				<themekey>boundary</themekey>
				<themekey>Idaho</themekey>
			</theme>
			<place>
				<placekt>None</placekt>
				<placekey>USA</placekey>
				<placekey>California</placekey>
				<placekey>Oregon</placekey>
				<placekey>Washington</placekey>
				<placekey>Idaho</placekey>
			</place>
		</keywords>
		<accconst>None</accconst>
		<useconst>
The distributor shall not be held liable for improper or incorrect use of this data, based on the description of appropriate/inappropriate uses described in this metadata document. It is strongly recommended that this data is directly acquired from the distributor and not indirectly through other sources which may have changed the data in some way.  Please review the attribute data and process steps to determine appropriate depiction and item reference.  This data is as correct and up-to-date, from the publication date, as possible according to the Hydrologic Unit Code (HUC) 6 boundaries.   It should be noted that the boundaries shown include both the areas of the watersheds that are accessible and anthropogenically blocked, however the ESU/DPS boundaries are defined as only the areas that are accessible to the fish populations.  Species do not necessarily inhabit all drainages or river reaches depicted.     

Constraints from the source data:
These data should not be used at scales greater than 1:24,000 for the purpose of identifying hydrographic watershed boundary feature locations in the U.S.A. Photographic or digital enlargement of these maps to scales greater than that at which they were originally delineated can result in misrepresentation of the data. If enlarged, the maps will not include the fine detail that would be appropriate for mapping at the small scale.
</useconst>
		<ptcontac>
			<cntinfo>
				<cntorgp>
					<cntorg>NOAA Fisheries, National Marine Fisheries Service</cntorg>
					<cntper>Steve Stone</cntper>
				</cntorgp>
				<cntaddr>
					<addrtype>mailing address</addrtype>
					<address>1201 NE Lloyd Boulevard, Suite 1100</address>
					<city>Portland</city>
					<state>Oregon</state>
					<postal>97232-1274</postal>
					<country>USA</country>
				</cntaddr>
				<cntvoice>503-231-2317</cntvoice>
				<cntemail>steve.stone@noaa.gov</cntemail>
				<cntinst>Please email questions and requests.</cntinst>
			</cntinfo>
		</ptcontac>
		<datacred>
Originator: NOAA Fisheries, National Marine Fisheries Service 
U.S. Department of Commerce, National Atmospheric and Oceanic Administration
</datacred>
		<native>Microsoft Windows XP Version 5.1 (Build 2600) Service Pack 3; ESRI ArcCatalog 9.3.1.4000</native>
		<natvform Sync="TRUE">File Geodatabase Feature Class</natvform></idinfo>
	<dataqual>
		<attracc>
			<attraccr>
100% of the attributes were visually reviewed.
The accuracy of this data is dependent on the level of detail of the source material and the interpretation procedures for capturing that source.
</attraccr>
		</attracc>
		<logic>There are no unclosed polygons, intersections without nodes, or polygons without labels or with more than one label. The ArcGIS geodatabase topology tools were used to make corrections using 11 rules including no gaps, no overlaps, identify corresponding linework for every polygon boundary, and remove duplicate lines with the same beginning and ending nodes.</logic>
		<complete>All fields for all polygons are attributed. Some polygons in the Ncontrb_a field might have a 0 value.</complete>
		<posacc>
			<horizpa>
				<horizpar>
The WBD was produced using Digital Raster Graphics (DRG's) as the source map. Data completeness for DRG files reflects content of the source graphic and may therefore be reflected in the completeness and accuracy of the WBD. The map was digitized from USGS 1:24,000-scale digital raster graphic base maps, with an inherited error of +/- 40 feet according to the USGS National Map Accuracy Standards.
It is estimated that any errors detected were less than 10%. It should also be noted that while general rules of hydrology were used (i.e. natural water flow is downhill), the locations of boundaries is still somewhat subjective as the 1:24,000-scale DRG's do not always provide enough information for identifying the location of the boundaries.
</horizpar>
			</horizpa>
			<vertacc>
				<vertaccr>N/A</vertaccr>
			</vertacc>
		</posacc>
		<lineage>
			<srcinfo>
				<srccite>
					<citeinfo>
						<origin>NRCS</origin>
						<pubdate>2009</pubdate>
						<title>Watershed Boundary Dataset</title>
						<onlink>http://www.nrcs.usda.gov/wps/portal/nrcs/detail/national/ngmc/?cid=nrcs143_021630</onlink>
					</citeinfo>
				</srccite>
				<srcscale>2400</srcscale>
				<typesrc>online</typesrc>
				<srccitea>WBD</srccitea>
				<srccontr>2009 National Watershed Boundary Database from NRCS</srccontr>
			</srcinfo>
			<procstep>
				<procdesc>NOAA Fisheries used the 6th field hydrologic unit polygon spatial data set from the U.S. Department of Agriculture, Natural Resources Conservation Service, National Cartography and Geospatial Center (12-Digit Watershed Boundary Dataset (WBD), 2009, 1:24,000, http://www.ncgc.nrcs.usda.gov/products/datasets/watershed/) to build the ESU/DPS boundaries.  Additionally, barrier information was considered for each ESU/DPS.  The ESU/DPSs within California relied on the Passage Assessment Database (Pacific States Marine Fisheries Commission, September 2010, http://www.calfish.org).  Washington, Oregon, and Idaho used the Pacific Northwest Hydropower System Database from the Bonneville Power Administration.

The legal boundary description (as published in the Federal Register) for each ESU/DPS was reviewed as well as the historical structure of the ESU/DPS as defined by NOAA Fisheries Science Center Biological Review Teams (BRT).  Using the 6th field HUCs, the contributing areas of each ESU/DPS were identified and combined into larger polygons to form the overall boundary.  No HUC polygons were altered in any manner.  All HUCs below identified impassible anthropogenic barriers were deemed accessible and constitute the ESU/DPS boundary.  All HUCs above impassible anthropogenic barriers and within the historical structure recognized by the BRT have been identified as anthropogenically blocked.  These areas are not part of the legal definition but their recognition contributes to an overall understanding of the species constitution.

If any part of a HUC was accessible the entire HUC was coded as accessible.  The user must be aware and review the written description of the ESU/DPS as well as examine the area of interests location in relation to nearby barriers in order to determine if that area is within or outside of the ESU/DPS.

Notes for this ESU/DPS:</procdesc>
				<srcused>NRCS</srcused>
				<procdate>2012</procdate>
			</procstep>
			<procstep>
				<procdesc>The original dataset was reviewed by USGS personnel using on-screen techniques with DRG's as the base map. All hydrologic units within the dataset that were under 3,000 acres were dissolved out.</procdesc>
				<srcused>USGSDRG</srcused>
				<procdate>2003</procdate>
			</procstep>
			<procstep>
				<procdesc>
The new WBD dataset was reviewed on-screen by USGS, EPA, or NRCS personnel using DRG's and DOQ?s as base maps. Hydrologic Units that were under 10,000 acres (for the 12-digit units) and 40,000 acres (for the 10-digit units) were reviewed and if possible were dissolved out. Along the coastal areas classic watersheds that fell within the federal guidelines size criteria (12-digit: 10,000-40,000 acres, 10-digit: 40,000-250,000 acres) were broken out. If possible the remaining frontals were left as their own units. Frontals that did not meet the size criteria were grouped together with other frontals within the overall 8-digit or 10-digit unit.
Hydrologic units what were greater than 40,000 acres (12-digit units) and 250,000 acres (10-digit units) were reviewed. If possible these unit where then broken down into smaller units that met the size criteria. In some cases additional breaks within the unit would not have made sense or have been very useful (example: When the majority of the unit was made up by a major waterbody feature such as a lake or reservoir and the surrounding tributaries were too small to break out as their own unit). In these instances the unit was left big. 	 Source_Used_Citation_Abbreviation: USGSDRG
</procdesc>
				<srcused>USGSDOQ</srcused>
				<procdate>2005</procdate>
			</procstep>
			<procstep>
				<procdesc>Hydrologic units from surrounding states were used to edgematch watershed boundaries.</procdesc>
				<srcused>NA</srcused>
				<procdate>2005</procdate>
			</procstep>
			<procstep>
				<procdesc>Original dataset attribution was reviewed and revised to reflect the updates and changes made to the dataset. These revisions to the attribution were also made to ensure that the dataset met the Federal Standards for Delineation of Hydrologic Unit Boundaries. The NHD was used during this process to help with the naming and downstream coding of each unit. In some instances there were name hydrologic unit name discrepancies between the NHD and what was printed on the DRG's. In these instances the DRG's were used instead of the NHD.</procdesc>
				<srcused>NHD</srcused>
				<srcused>USGSDRG</srcused>
				<procdate>2005</procdate>
			</procstep>
			<procstep><procdesc Sync="TRUE">Metadata imported.</procdesc><srcused Sync="TRUE">C:\DOCUME~1\admindc\LOCALS~1\Temp\xml3A.tmp</srcused><procdate Sync="TRUE">20120604</procdate><proctime Sync="TRUE">11041800</proctime></procstep><procstep><procdesc Sync="TRUE">Dataset copied.</procdesc><srcused Sync="TRUE">\\161.55.198.249\pdxdata$\gis\nwrgis\StorageAreas\NWBD\ESU\Final\ER_NEW_DPS_BOUNDS_6_28\NEW_DPS_BOUNDS_6_28.gdb\NEW_DPS_BOUNDS_6_28.gdb</srcused><procdate Sync="TRUE">20121005</procdate><proctime Sync="TRUE">15441900</proctime></procstep></lineage>
	</dataqual>
	<spdoinfo>
		<direct>Vector</direct>
		<ptvctinf><esriterm Name="CVSChinookXXX"><efeatyp Sync="TRUE">Simple</efeatyp><efeageom code="4" Sync="TRUE"></efeageom><esritopo Sync="TRUE">FALSE</esritopo><efeacnt Sync="TRUE">0</efeacnt><spindex Sync="TRUE">TRUE</spindex><linrefer Sync="TRUE">FALSE</linrefer></esriterm></ptvctinf></spdoinfo>
	<spref>
		<horizsys>
			<geograph>
				<latres>0.000000</latres>
				<longres>0.000000</longres>
				<geogunit>Decimal degrees</geogunit>
			</geograph>
			<geodetic>
				<horizdn>North American Datum of 1983</horizdn>
				<ellips>Geodetic Reference System 80</ellips>
				<semiaxis>6378137.000000</semiaxis>
				<denflat>298.257222</denflat>
			</geodetic>
			<cordsysn><geogcsn Sync="TRUE">GCS_North_American_1983</geogcsn></cordsysn></horizsys>
		<vertdef>
			<altsys>
				<altres>0.000122</altres>
				<altenc>Explicit elevation coordinate included with horizontal coordinates</altenc>
			</altsys>
		</vertdef>
	</spref>
	<eainfo>
		<detailed Name="CVSChinookXXX">
			<enttyp>
				<enttypl>CKCVS</enttypl>
				<enttypd>Central Valley Spring-run Chinook Salmon ESU</enttypd>
				<enttypds>n/a</enttypds>
				<enttypt Sync="TRUE">Feature Class</enttypt><enttypc Sync="TRUE">0</enttypc></enttyp>
			<attr>
				<attrlabl>Shape</attrlabl>
				<attrdef>Feature geometry.</attrdef>
				<attrdefs>ESRI</attrdefs>
				<attrdomv>
					<udom>Coordinates defining the features.</udom>
				</attrdomv>
				<attalias Sync="TRUE">Shape</attalias><attrtype Sync="TRUE">Geometry</attrtype><attwidth Sync="TRUE">0</attwidth><atprecis Sync="TRUE">0</atprecis><attscale Sync="TRUE">0</attscale></attr>
			<attr>
				<attrlabl>OBJECTID</attrlabl>
				<attrdef>Internal feature number.</attrdef>
				<attrdefs>ESRI</attrdefs>
				<attrdomv>
					<udom>Sequential unique whole numbers that are automatically generated.</udom>
				</attrdomv>
				<attalias Sync="TRUE">OBJECTID_1</attalias><attrtype Sync="TRUE">OID</attrtype><attwidth Sync="TRUE">4</attwidth><atprecis Sync="TRUE">0</atprecis><attscale Sync="TRUE">0</attscale></attr>
			<attr>
				<attrlabl>ESU_DPS</attrlabl>
				<attrdef>Official name of the ESU/DPS</attrdef>
				<attrdefs>ESRI</attrdefs>
				<attrdomv>
					<edom></edom>
				</attrdomv>
				<attalias Sync="TRUE">ESU_DPS</attalias><attrtype Sync="TRUE">String</attrtype><attwidth Sync="TRUE">50</attwidth><atprecis Sync="TRUE">0</atprecis><attscale Sync="TRUE">0</attscale></attr>
			<attr>
				<attrlabl>Shape_Length</attrlabl>
				<attrdef>Length of feature in internal units.</attrdef>
				<attrdefs>ESRI</attrdefs>
				<attrdomv>
					<udom>Positive real numbers that are automatically generated.</udom>
				</attrdomv>
				<attalias Sync="TRUE">Shape_Length</attalias><attrtype Sync="TRUE">Double</attrtype><attwidth Sync="TRUE">8</attwidth><atprecis Sync="TRUE">0</atprecis><attscale Sync="TRUE">0</attscale></attr>
			<attr>
				<attrlabl>Shape_Area</attrlabl>
				<attrdef>Area of feature in internal units squared.</attrdef>
				<attrdefs>ESRI</attrdefs>
				<attrdomv>
					<udom>Positive real numbers that are automatically generated.</udom>
				</attrdomv>
				<attalias Sync="TRUE">Shape_Area</attalias><attrtype Sync="TRUE">Double</attrtype><attwidth Sync="TRUE">8</attwidth><atprecis Sync="TRUE">0</atprecis><attscale Sync="TRUE">0</attscale></attr>
		</detailed>
		<overview>
			<eadetcit>ESU/DPS Boundaries</eadetcit>
		</overview>
	</eainfo>
	<distinfo>
		<distrib>
			<cntinfo>
				<cntperp>
					<cntper>Steve Stone</cntper>
					<cntorg>NOAA Fisheries, NMFS</cntorg>
				</cntperp>
				<cntaddr>
					<addrtype>mailing address</addrtype>
					<address>1201 NE Lloyd Blvd, Suite 1100</address>
					<city>Portland</city>
					<state>Oregon</state>
					<postal>97232-1274</postal>
					<country>USA</country>
				</cntaddr>
				<cntvoice>503-231-2317</cntvoice>
				<cntemail>steve.stone@noaa.gov</cntemail>
				<cntinst>please e-mail with data requests.</cntinst>
			</cntinfo>
		</distrib>
		<resdesc>Downloadable Data</resdesc>
		<distliab>
The distributor shall not be held liable for improper or incorrect use of this data, based on the description of appropriate/inappropriate uses described in this metadata document. It is strongly recommended that this data is directly acquired from the distributor and not indirectly through other sources which may have changed the data in some way. Please review the attribute data to determine appropriate depiction and item reference.  

Constraints from the source data:
These data should not be used at scales greater than 1:24,000 for the purpose of identifying hydrographic watershed boundary feature locations in the U.S.A. Photographic or digital enlargement of these maps to scales greater than that at which they were originally delineated can result in misrepresentation of the data. If enlarged, the maps will not include the fine detail that would be appropriate for mapping at the small scale.
</distliab>
		<stdorder>
			<digform>
				<digtinfo>
					<formname>ARC Export</formname>
					<formverd>20050801</formverd>
					<filedec>no compression applies</filedec>
					<transize>19.156</transize>
				</digtinfo>
				<digtopt>
					<onlinopt>
						<computer>
							<networka>
								<networkr>http://datagateway.nrcs.usda.gov</networkr>
							</networka>
						</computer>
					</onlinopt>
				</digtopt>
			</digform>
			<fees>none</fees>
		</stdorder>
	</distinfo>
	<metainfo>
		<metd>3-15-2012</metd>
		<metc>
			<cntinfo>
				<cntperp>
					<cntper>Steve Stone</cntper>
					<cntorg>NOAA Fisheries, NMFS</cntorg>
				</cntperp>
				<cntaddr>
					<addrtype>mailing address</addrtype>
					<address>1201 Lloyd Blvd, Suite 1100</address>
					<city>Portland</city>
					<state>Oregon</state>
					<postal>97232-1274</postal>
					<country>USA</country>
				</cntaddr>
				<cntvoice>503-231-2317</cntvoice>
				<cntemail>steve.stone@noaa.gov</cntemail>
			</cntinfo>
		</metc>
		<metstdn>FGDC Content Standards for Digital Geospatial Metadata</metstdn>
		<metstdv>FGDC-STD-001-1998</metstdv>
		<mettc>local time</mettc>
		<metextns>
			<onlink>http://www.esri.com/metadata/esriprof80.html</onlink>
			<metprof>ESRI Metadata Profile</metprof>
		</metextns>
		<metextns>
			<onlink>http://www.esri.com/metadata/esriprof80.html</onlink>
			<metprof>ESRI Metadata Profile</metprof>
		</metextns>
		<metextns>
			<onlink>http://www.esri.com/metadata/esriprof80.html</onlink>
			<metprof>ESRI Metadata Profile</metprof>
		</metextns>
		<metextns>
			<onlink>http://www.esri.com/metadata/esriprof80.html</onlink>
			<metprof>ESRI Metadata Profile</metprof>
		</metextns>
		<metextns>
			<onlink>http://www.esri.com/metadata/esriprof80.html</onlink>
			<metprof>ESRI Metadata Profile</metprof>
		</metextns>
		<metextns>
			<onlink>http://www.esri.com/metadata/esriprof80.html</onlink>
			<metprof>ESRI Metadata Profile</metprof>
		</metextns>
		<metextns>
			<onlink>http://www.esri.com/metadata/esriprof80.html</onlink>
			<metprof>ESRI Metadata Profile</metprof>
		</metextns>
		<langmeta Sync="TRUE">en</langmeta></metainfo>
	<Esri><CreaDate>20190220</CreaDate><CreaTime>15135900</CreaTime><SyncOnce>FALSE</SyncOnce><SyncDate>20190220</SyncDate><SyncTime>15135700</SyncTime><ModDate>20190220</ModDate><ModTime>15135700</ModTime><DataProperties><itemProps><itemName Sync="TRUE">CVSChinookXXX</itemName><imsContentType Sync="TRUE">002</imsContentType><nativeExtBox><westBL Sync="TRUE">-123.068989</westBL><eastBL Sync="TRUE">-118.333981</eastBL><southBL Sync="TRUE">36.324734</southBL><northBL Sync="TRUE">41.826452</northBL><exTypeCode Sync="TRUE">1</exTypeCode></nativeExtBox><itemLocation><linkage Sync="TRUE">file://\\neoterra\gis\projects\FishPass_PSMFC_2018\Util\MXD\FISHPass\FISHPass.gdb</linkage><protocol Sync="TRUE">Local Area Network</protocol></itemLocation></itemProps><coordRef><type Sync="TRUE">Geographic</type><geogcsn Sync="TRUE">GCS_North_American_1983</geogcsn><peXml Sync="TRUE">&lt;GeographicCoordinateSystem xsi:type='typens:GeographicCoordinateSystem' xmlns:xsi='http://www.w3.org/2001/XMLSchema-instance' xmlns:xs='http://www.w3.org/2001/XMLSchema' xmlns:typens='http://www.esri.com/schemas/ArcGIS/2.2.0'&gt;&lt;WKT&gt;GEOGCS[&amp;quot;GCS_North_American_1983&amp;quot;,DATUM[&amp;quot;D_North_American_1983&amp;quot;,SPHEROID[&amp;quot;GRS_1980&amp;quot;,6378137.0,298.257222101]],PRIMEM[&amp;quot;Greenwich&amp;quot;,0.0],UNIT[&amp;quot;Degree&amp;quot;,0.0174532925199433],AUTHORITY[&amp;quot;EPSG&amp;quot;,4269]]&lt;/WKT&gt;&lt;XOrigin&gt;-400&lt;/XOrigin&gt;&lt;YOrigin&gt;-400&lt;/YOrigin&gt;&lt;XYScale&gt;11258999068426.238&lt;/XYScale&gt;&lt;ZOrigin&gt;-100000&lt;/ZOrigin&gt;&lt;ZScale&gt;10000&lt;/ZScale&gt;&lt;MOrigin&gt;-100000&lt;/MOrigin&gt;&lt;MScale&gt;10000&lt;/MScale&gt;&lt;XYTolerance&gt;8.9831528411952133e-09&lt;/XYTolerance&gt;&lt;ZTolerance&gt;0.001&lt;/ZTolerance&gt;&lt;MTolerance&gt;0.001&lt;/MTolerance&gt;&lt;HighPrecision&gt;true&lt;/HighPrecision&gt;&lt;LeftLongitude&gt;-180&lt;/LeftLongitude&gt;&lt;WKID&gt;4269&lt;/WKID&gt;&lt;LatestWKID&gt;4269&lt;/LatestWKID&gt;&lt;/GeographicCoordinateSystem&gt;</peXml><csUnits Sync="TRUE">Angular Unit: Degree (0.017453)</csUnits></coordRef><lineage><Process ToolSource="C:\Program Files (x86)\ArcGIS\Desktop10.0\ArcToolbox\Toolboxes\Data Management Tools.tbx\CalculateField" Date="20130125" Time="122608">CalculateField "Central Valley Spring-run Chinook Salmon" Class "Historical Watershed: Anthropogenically Blocked" VB #</Process><Process ToolSource="C:\Program Files (x86)\ArcGIS\Desktop10.0\ArcToolbox\Toolboxes\Data Management Tools.tbx\CalculateField" Date="20130206" Time="100659">CalculateField "Central Valley Spring-run Chinook Salmon" Status "Threatened" VB #</Process><Process ToolSource="C:\Program Files (x86)\ArcGIS\Desktop10.0\ArcToolbox\Toolboxes\Data Management Tools.tbx\CalculateField" Date="20130206" Time="103504">CalculateField "Central Valley Spring-run Chinook Salmon" ESU_DPS "Central Valley Spring-run Chinook Salmon" VB #</Process><Process ToolSource="c:\program files (x86)\arcgis\desktop10.1\ArcToolbox\Toolboxes\Data Management Tools.tbx\CalculateField" Date="20131216" Time="104305">CalculateField "Central Valley Spring-run Chinook Salmon" Class "Accessible-Likely Extirpated" VB #</Process><Process Name="Dissolve (13)" ToolSource="c:\program files\arcgis\pro\Resources\ArcToolbox\toolboxes\Data Management Tools.tbx\Dissolve" Date="20190220" Time="151357">Dissolve "*Chinook ESUs\Central Valley Spring-run Chinook Salmon" G:\projects\FishPass_PSMFC_2018\Util\MXD\FISHPass\FISHPass.gdb\CVSChinookXXX ESU_DPS # MULTI_PART DISSOLVE_LINES</Process><Process Name="Project (4)" ToolSource="c:\program files\arcgis\pro\Resources\ArcToolbox\toolboxes\Data Management Tools.tbx\Project" Date="20190220" Time="151359">Project G:\projects\FishPass_PSMFC_2018\Util\MXD\FISHPass\FISHPass.gdb\CVSChinookXXX G:\projects\FishPass_PSMFC_2018\Deliverables\Data\GeoSelexLyrs\ESUDPS_CVSChinook_complex.shp PROJCS['WGS_1984_Web_Mercator_Auxiliary_Sphere',GEOGCS['GCS_WGS_1984',DATUM['D_WGS_1984',SPHEROID['WGS_1984',6378137.0,298.257223563]],PRIMEM['Greenwich',0.0],UNIT['Degree',0.0174532925199433]],PROJECTION['Mercator_Auxiliary_Sphere'],PARAMETER['False_Easting',0.0],PARAMETER['False_Northing',0.0],PARAMETER['Central_Meridian',0.0],PARAMETER['Standard_Parallel_1',0.0],PARAMETER['Auxiliary_Sphere_Type',0.0],UNIT['Meter',1.0]] WGS_1984_(ITRF00)_To_NAD_1983 GEOGCS['GCS_North_American_1983',DATUM['D_North_American_1983',SPHEROID['GRS_1980',6378137.0,298.257222101]],PRIMEM['Greenwich',0.0],UNIT['Degree',0.0174532925199433]] NO_PRESERVE_SHAPE # NO_VERTICAL</Process></lineage></DataProperties><ArcGISFormat>1.0</ArcGISFormat></Esri><dataIdInfo><envirDesc Sync="TRUE">Microsoft Windows 10 Version 10.0 (Build 17134) ; Esri ArcGIS 12.2.1.12813</envirDesc><dataLang><languageCode Sync="TRUE" value="eng" country="US"></languageCode><countryCode value="USA" Sync="TRUE"></countryCode></dataLang><idCitation><resTitle Sync="TRUE">CVSChinookXXX</resTitle><presForm><PresFormCd value="005"></PresFormCd></presForm></idCitation><dataExt><geoEle><GeoBndBox esriExtentType="search"><westBL Sync="TRUE">-123.068989</westBL><eastBL Sync="TRUE">-118.333981</eastBL><northBL Sync="TRUE">41.826452</northBL><southBL Sync="TRUE">36.324734</southBL><exTypeCode Sync="TRUE">1</exTypeCode></GeoBndBox><GeoBndBox esriExtentType="search"><westBL Sync="TRUE">-123.068989</westBL><eastBL Sync="TRUE">-118.333981</eastBL><northBL Sync="TRUE">41.826452</northBL><southBL Sync="TRUE">36.324734</southBL><exTypeCode Sync="TRUE">1</exTypeCode></GeoBndBox><GeoBndBox esriExtentType="native"><westBL Sync="TRUE">-123.068989</westBL><eastBL Sync="TRUE">-118.333981</eastBL><northBL Sync="TRUE">41.826452</northBL><southBL Sync="TRUE">36.324734</southBL><exTypeCode Sync="TRUE">1</exTypeCode></GeoBndBox></geoEle></dataExt><geoBox esriExtentType="decdegrees"><westBL Sync="TRUE">-123.068989</westBL><eastBL Sync="TRUE">-118.333981</eastBL><northBL Sync="TRUE">41.826452</northBL><southBL Sync="TRUE">36.324734</southBL><exTypeCode Sync="TRUE">1</exTypeCode></geoBox><descKeys><thesaName uuidref="723f6998-058e-11dc-8314-0800200c9a66"></thesaName><keyword Sync="TRUE">002</keyword></descKeys><spatRpType><SpatRepTypCd value="001"></SpatRepTypCd></spatRpType></dataIdInfo><mdLang><languageCode Sync="TRUE" value="eng"></languageCode><countryCode value="USA" Sync="TRUE"></countryCode></mdLang><mdStanName Sync="TRUE">ISO 19115 Geographic Information - Metadata</mdStanName><mdStanVer Sync="TRUE">DIS_ESRI1.0</mdStanVer><mdChar><CharSetCd Sync="TRUE" value="004"></CharSetCd></mdChar><mdHrLv><ScopeCd Sync="TRUE" value="005"></ScopeCd></mdHrLv><mdHrLvName Sync="TRUE">dataset</mdHrLvName><distInfo><distributor><distorTran><onLineSrc><orDesc Sync="TRUE">002</orDesc><linkage Sync="TRUE">file://\\161.55.198.249\pdxdata$\gis\nwrgis\StorageAreas\NWBD\ESU\Final\ESU_Bounds_3_2013\WEST_ESU_DPS_BOUNDARIES_11_2012\WEST_ESU_DPS_BOUNDARIES_11_2012.gdb</linkage><protocol Sync="TRUE">Local Area Network</protocol></onLineSrc></distorTran><distorFormat><formatName Sync="TRUE">File Geodatabase Feature Class</formatName></distorFormat></distributor><distFormat><formatName Sync="TRUE">File Geodatabase Feature Class</formatName></distFormat></distInfo><refSysInfo><RefSystem><refSysID><identCode Sync="TRUE" code="4269">GCS_North_American_1983</identCode><idCodeSpace Sync="TRUE">EPSG</idCodeSpace><idVersion Sync="TRUE">6.12(3.0.1)</idVersion></refSysID></RefSystem></refSysInfo><spatRepInfo><VectSpatRep><geometObjs Name="CVSChinookXXX"><geoObjTyp><GeoObjTypCd value="002" Sync="TRUE"></GeoObjTypCd></geoObjTyp><geoObjCnt Sync="TRUE">0</geoObjCnt></geometObjs><topLvl><TopoLevCd value="001" Sync="TRUE"></TopoLevCd></topLvl></VectSpatRep></spatRepInfo><mdDateSt Sync="TRUE">20190220</mdDateSt></metadata>
