<?xml version="1.0" encoding="UTF-8"?>
<metadata xml:lang="en"><Esri><CreaDate>20190220</CreaDate><CreaTime>12400800</CreaTime><ArcGISFormat>1.0</ArcGISFormat><ArcGISstyle>North American Profile of ISO19115 2003</ArcGISstyle><SyncOnce>FALSE</SyncOnce><DataProperties><itemProps><itemName Sync="TRUE">FISHPass_Scope_20190103</itemName><imsContentType Sync="TRUE">002</imsContentType><itemLocation><linkage Sync="TRUE">file://\\BRETT-W10\D\Dropbox\Dropbox\GIS\Outgoing\CFPF\FISHPass_AnalysisArea\FISHPass_Scope_20190103.shp</linkage><protocol Sync="TRUE">Local Area Network</protocol></itemLocation><itemSize Sync="TRUE">0.000</itemSize></itemProps><coordRef><type Sync="TRUE">Projected</type><geogcsn Sync="TRUE">GCS_NAD_1983_2011</geogcsn><csUnits Sync="TRUE">Linear Unit: Meter (1.000000)</csUnits><peXml Sync="TRUE">&lt;ProjectedCoordinateSystem xsi:type='typens:ProjectedCoordinateSystem' xmlns:xsi='http://www.w3.org/2001/XMLSchema-instance' xmlns:xs='http://www.w3.org/2001/XMLSchema' xmlns:typens='http://www.esri.com/schemas/ArcGIS/2.2.0'&gt;&lt;WKT&gt;PROJCS[&amp;quot;NAD_1983_2011_California_Teale_Albers&amp;quot;,GEOGCS[&amp;quot;GCS_NAD_1983_2011&amp;quot;,DATUM[&amp;quot;D_NAD_1983_2011&amp;quot;,SPHEROID[&amp;quot;GRS_1980&amp;quot;,6378137.0,298.257222101]],PRIMEM[&amp;quot;Greenwich&amp;quot;,0.0],UNIT[&amp;quot;Degree&amp;quot;,0.0174532925199433]],PROJECTION[&amp;quot;Albers&amp;quot;],PARAMETER[&amp;quot;False_Easting&amp;quot;,0.0],PARAMETER[&amp;quot;False_Northing&amp;quot;,-4000000.0],PARAMETER[&amp;quot;Central_Meridian&amp;quot;,-120.0],PARAMETER[&amp;quot;Standard_Parallel_1&amp;quot;,34.0],PARAMETER[&amp;quot;Standard_Parallel_2&amp;quot;,40.5],PARAMETER[&amp;quot;Latitude_Of_Origin&amp;quot;,0.0],UNIT[&amp;quot;Meter&amp;quot;,1.0],AUTHORITY[&amp;quot;EPSG&amp;quot;,6414]]&lt;/WKT&gt;&lt;XOrigin&gt;-16909700&lt;/XOrigin&gt;&lt;YOrigin&gt;-8597000&lt;/YOrigin&gt;&lt;XYScale&gt;266332319.7555542&lt;/XYScale&gt;&lt;ZOrigin&gt;-100000&lt;/ZOrigin&gt;&lt;ZScale&gt;10000&lt;/ZScale&gt;&lt;MOrigin&gt;-100000&lt;/MOrigin&gt;&lt;MScale&gt;10000&lt;/MScale&gt;&lt;XYTolerance&gt;0.001&lt;/XYTolerance&gt;&lt;ZTolerance&gt;0.001&lt;/ZTolerance&gt;&lt;MTolerance&gt;0.001&lt;/MTolerance&gt;&lt;HighPrecision&gt;true&lt;/HighPrecision&gt;&lt;WKID&gt;102962&lt;/WKID&gt;&lt;LatestWKID&gt;6414&lt;/LatestWKID&gt;&lt;/ProjectedCoordinateSystem&gt;</peXml><projcsn Sync="TRUE">NAD_1983_2011_California_Teale_Albers</projcsn></coordRef><lineage><Process ToolSource="c:\program files (x86)\arcgis\desktop10.2\ArcToolbox\Toolboxes\Data Management Tools.tbx\CalculateField" Date="20141120" Time="111002">CalculateField "WBD Subbasins" ColumbiaBasin 1 VB #</Process><Process ToolSource="c:\program files (x86)\arcgis\desktop10.2\ArcToolbox\Toolboxes\Data Management Tools.tbx\CalculateField" Date="20141120" Time="111024">CalculateField "WBD Subbasins" ColumbiaBasin 0 VB #</Process><Process ToolSource="c:\program files (x86)\arcgis\desktop10.4\ArcToolbox\Toolboxes\Data Management Tools.tbx\CalculateField" Date="20160803" Time="083349">CalculateField WBD_L4_Subbasins ProcesUnit "Klamath" VB #</Process><Process ToolSource="c:\program files (x86)\arcgis\desktop10.4\ArcToolbox\Toolboxes\Data Management Tools.tbx\CalculateField" Date="20160803" Time="083419">CalculateField WBD_L4_Subbasins ProcesUnit "Eel" VB #</Process><Process ToolSource="c:\program files (x86)\arcgis\desktop10.4\ArcToolbox\Toolboxes\Data Management Tools.tbx\CalculateField" Date="20160803" Time="083703">CalculateField WBD_L4_Subbasins ProcesUnit "North Coast" VB #</Process><Process ToolSource="c:\program files (x86)\arcgis\desktop10.4\ArcToolbox\Toolboxes\Data Management Tools.tbx\CalculateField" Date="20160803" Time="083949">CalculateField WBD_L4_Subbasins ProcesUnit "Gualala-Salmon, Tomales-Drake Bays" VB #</Process><Process ToolSource="c:\program files (x86)\arcgis\desktop10.4\ArcToolbox\Toolboxes\Data Management Tools.tbx\CalculateField" Date="20160803" Time="084055">CalculateField WBD_L4_Subbasins ProcesUnit "SF Bay North" VB #</Process><Process ToolSource="c:\program files (x86)\arcgis\desktop10.4\ArcToolbox\Toolboxes\Data Management Tools.tbx\CalculateField" Date="20160803" Time="084120">CalculateField WBD_L4_Subbasins ProcesUnit "SF Bay South" VB #</Process><Process ToolSource="c:\program files (x86)\arcgis\desktop10.4\ArcToolbox\Toolboxes\Data Management Tools.tbx\CalculateField" Date="20160803" Time="085707">CalculateField WBD_L4_Subbasins ProcesUnit "Sacramento-San Joaquin" VB #</Process><Process ToolSource="c:\program files (x86)\arcgis\desktop10.4\ArcToolbox\Toolboxes\Data Management Tools.tbx\CalculateField" Date="20160803" Time="085751">CalculateField WBD_L4_Subbasins ProcesUnit "Sacramento-San Joaquin" VB #</Process><Process ToolSource="c:\program files (x86)\arcgis\desktop10.4\ArcToolbox\Toolboxes\Data Management Tools.tbx\CalculateField" Date="20160803" Time="090021">CalculateField WBD_L4_Subbasins ProcesUnit "SF Coastal North" VB #</Process><Process ToolSource="c:\program files (x86)\arcgis\desktop10.4\ArcToolbox\Toolboxes\Data Management Tools.tbx\CalculateField" Date="20160803" Time="090125">CalculateField WBD_L4_Subbasins ProcesUnit "SF Coastal South" VB #</Process><Process ToolSource="c:\program files (x86)\arcgis\desktop10.4\ArcToolbox\Toolboxes\Data Management Tools.tbx\CalculateField" Date="20160803" Time="091334">CalculateField WBD_L4_Subbasins ProcesUnit "Santa Maria-SB Coast" VB #</Process><Process ToolSource="c:\program files (x86)\arcgis\desktop10.4\ArcToolbox\Toolboxes\Data Management Tools.tbx\CalculateField" Date="20160803" Time="091459">CalculateField WBD_L4_Subbasins ProcesUnit "Ventura-San Gabriel Coastal" VB #</Process><Process ToolSource="c:\program files (x86)\arcgis\desktop10.4\ArcToolbox\Toolboxes\Data Management Tools.tbx\CalculateField" Date="20160803" Time="092446">CalculateField WBD_L4_Subbasins ProcesUnit "Santa Ana" VB #</Process><Process ToolSource="c:\program files (x86)\arcgis\desktop10.4\ArcToolbox\Toolboxes\Data Management Tools.tbx\CalculateField" Date="20160803" Time="092621">CalculateField WBD_L4_Subbasins ProcesUnit "Laguna-San Diego Coastal" VB #</Process><Process ToolSource="c:\program files (x86)\arcgis\desktop10.4\ArcToolbox\Toolboxes\Data Management Tools.tbx\CalculateField" Date="20160803" Time="093037">CalculateField WBD_L4_Subbasins ProcesUnit "Sacramento-San Joaquin" VB #</Process><Process ToolSource="c:\program files (x86)\arcgis\desktop10.4\ArcToolbox\Toolboxes\Data Management Tools.tbx\CalculateField" Date="20160909" Time="080620">CalculateField WBD_L4_Subbasins ProcesUnit "Klamath" VB #</Process><Process ToolSource="c:\program files (x86)\arcgis\desktop10.4\ArcToolbox\Toolboxes\Data Management Tools.tbx\CalculateField" Date="20160909" Time="081744">CalculateField WBD_L4_Subbasins ProcesUnit "Lower Rogue / Illinois" VB #</Process><Process ToolSource="c:\program files (x86)\arcgis\desktop10.4\ArcToolbox\Toolboxes\Data Management Tools.tbx\CalculateField" Date="20160909" Time="083007">CalculateField WBD_L4_Subbasins Cross_Border 1 VB #</Process><Process ToolSource="c:\program files (x86)\arcgis\desktop10.4\ArcToolbox\Toolboxes\Data Management Tools.tbx\CalculateField" Date="20160909" Time="083021">CalculateField WBD_L4_Subbasins Cross_Border 0 VB #</Process><Process ToolSource="c:\program files (x86)\arcgis\desktop10.4\ArcToolbox\Toolboxes\Data Management Tools.tbx\CalculateField" Date="20160909" Time="091315">CalculateField WBD_L4_Subbasins Cross_Border 0 VB #</Process><Process ToolSource="c:\program files (x86)\arcgis\desktop10.4\ArcToolbox\Toolboxes\Data Management Tools.tbx\CalculateField" Date="20160909" Time="091635">CalculateField WBD_L4_Subbasins Cross_Border 1 VB #</Process><Process ToolSource="c:\program files (x86)\arcgis\desktop10.4\ArcToolbox\Toolboxes\Data Management Tools.tbx\CalculateField" Date="20161019" Time="090527">CalculateField Watersheds_WBD_HUC8_Subbasins_CA_albers TraceStatus "Priority Trace - DWR" VB #</Process><Process ToolSource="c:\program files (x86)\arcgis\desktop10.4\ArcToolbox\Toolboxes\Data Management Tools.tbx\CalculateField" Date="20161019" Time="091429">CalculateField Watersheds_WBD_HUC8_Subbasins_CA_albers TraceStatus "Priority Trace - Caltrans" VB #</Process><Process ToolSource="c:\program files (x86)\arcgis\desktop10.4\ArcToolbox\Toolboxes\Data Management Tools.tbx\CalculateField" Date="20161019" Time="091540">CalculateField Watersheds_WBD_HUC8_Subbasins_CA_albers TraceStatus "Priority Trace - Caltrans" VB #</Process><Process ToolSource="c:\program files (x86)\arcgis\desktop10.4\ArcToolbox\Toolboxes\Data Management Tools.tbx\CalculateField" Date="20161019" Time="093321">CalculateField Watersheds_WBD_HUC8_Subbasins_CA_albers TraceStatus "Priority Trace - USFWS" VB #</Process><Process ToolSource="c:\program files (x86)\arcgis\desktop10.4\ArcToolbox\Toolboxes\Data Management Tools.tbx\CalculateField" Date="20161019" Time="093349">CalculateField Watersheds_WBD_HUC8_Subbasins_CA_albers TraceStatus "Priority Trace- USFWS" VB #</Process><Process ToolSource="c:\program files (x86)\arcgis\desktop10.4\ArcToolbox\Toolboxes\Data Management Tools.tbx\CalculateField" Date="20161019" Time="093535">CalculateField Watersheds_WBD_HUC8_Subbasins_CA_albers TraceStatus "Priority Trace - CDFW" VB #</Process><Process ToolSource="c:\program files (x86)\arcgis\desktop10.4\ArcToolbox\Toolboxes\Data Management Tools.tbx\CalculateField" Date="20161024" Time="085552">CalculateField Watersheds_WBD_HUC8_Subbasins_CA_albers TraceStatus "Priority Trace - CDFW" VB #</Process><Process ToolSource="c:\program files (x86)\arcgis\desktop10.4\ArcToolbox\Toolboxes\Data Management Tools.tbx\CalculateField" Date="20161024" Time="085714">CalculateField Watersheds_WBD_HUC8_Subbasins_CA_albers TraceStatus "Priority Trace - CDFW" VB #</Process><Process ToolSource="c:\program files (x86)\arcgis\desktop10.4\ArcToolbox\Toolboxes\Data Management Tools.tbx\CalculateField" Date="20161109" Time="081815">CalculateField Watersheds_WBD_HUC8_Subbasins_CA_albers ProcesUnit "Sacramento-San Joaquin" VB #</Process><Process ToolSource="c:\program files (x86)\arcgis\desktop10.4\ArcToolbox\Toolboxes\Data Management Tools.tbx\CalculateField" Date="20161109" Time="081843">CalculateField Watersheds_WBD_HUC8_Subbasins_CA_albers ProcesUnit "Sacramento-San Joaquin" VB #</Process><Process ToolSource="c:\program files (x86)\arcgis\desktop10.4\ArcToolbox\Toolboxes\Data Management Tools.tbx\CalculateField" Date="20161128" Time="075352">CalculateField Watersheds_WBD_HUC8_Subbasins_CA_albers TraceStatus "Priority (downstream) watershed" VB #</Process><Process ToolSource="c:\program files (x86)\arcgis\desktop10.4\ArcToolbox\Toolboxes\Data Management Tools.tbx\CalculateField" Date="20161128" Time="075402">CalculateField Watersheds_WBD_HUC8_Subbasins_CA_albers TraceStatus "Priority (downstream) watershed" VB #</Process><Process ToolSource="c:\program files (x86)\arcgis\desktop10.4\ArcToolbox\Toolboxes\Data Management Tools.tbx\CalculateField" Date="20161213" Time="090034">CalculateField Watersheds_PriorityTrace_20161220_2 TraceStatus "Priority Trace- CDFW" VB #</Process><Process ToolSource="c:\program files (x86)\arcgis\desktop10.4\ArcToolbox\Toolboxes\Data Management Tools.tbx\CalculateField" Date="20161213" Time="090203">CalculateField Watersheds_PriorityTrace_20161220_2 TraceName "Alameda Creek" VB #</Process><Process ToolSource="c:\program files (x86)\arcgis\desktop10.4\ArcToolbox\Toolboxes\Data Management Tools.tbx\CalculateField" Date="20161213" Time="090306">CalculateField Watersheds_PriorityTrace_20161220_2 TraceName "Cow Creek" VB #</Process><Process ToolSource="c:\program files (x86)\arcgis\desktop10.4\ArcToolbox\Toolboxes\Data Management Tools.tbx\CalculateField" Date="20161215" Time="082721">CalculateField Watersheds_PriorityTrace_20161220 TraceName "Cow Creek" VB #</Process><Process ToolSource="c:\program files (x86)\arcgis\desktop10.4\ArcToolbox\Toolboxes\Data Management Tools.tbx\CalculateField" Date="20170201" Time="082137">CalculateField Watersheds_PriorityTrace_dissolve_20161220 TraceName "Smith" VB #</Process><Process ToolSource="c:\program files (x86)\arcgis\desktop10.4\ArcToolbox\Toolboxes\Data Management Tools.tbx\CalculateField" Date="20170222" Time="093510">CalculateField Watersheds_PriorityTrace_dissolve_20161220 BFH_Status "done" VB #</Process><Process ToolSource="c:\program files (x86)\arcgis\desktop10.4\ArcToolbox\Toolboxes\Data Management Tools.tbx\CalculateField" Date="20170222" Time="104909">CalculateField Watersheds_PriorityTrace_dissolve_20161220 BFH_Status "done" VB #</Process><Process ToolSource="c:\program files (x86)\arcgis\desktop10.4\ArcToolbox\Toolboxes\Data Management Tools.tbx\CalculateField" Date="20170222" Time="111734">CalculateField Watersheds_PriorityTrace_dissolve_20161220 BFH_Status "done" VB #</Process><Process ToolSource="c:\program files (x86)\arcgis\desktop10.4\ArcToolbox\Toolboxes\Data Management Tools.tbx\CalculateField" Date="20170222" Time="123546">CalculateField Watersheds_PriorityTrace_dissolve_20161220 BFH_Status "done" VB #</Process><Process ToolSource="c:\program files (x86)\arcgis\desktop10.4\ArcToolbox\Toolboxes\Data Management Tools.tbx\CalculateField" Date="20170222" Time="125607">CalculateField Watersheds_PriorityTrace_dissolve_20161220 BFH_Status "done" VB #</Process><Process ToolSource="c:\program files (x86)\arcgis\desktop10.4\ArcToolbox\Toolboxes\Data Management Tools.tbx\CalculateField" Date="20170222" Time="131729">CalculateField Watersheds_PriorityTrace_dissolve_20161220 BFH_Status "done" VB #</Process><Process ToolSource="c:\program files (x86)\arcgis\desktop10.4\ArcToolbox\Toolboxes\Data Management Tools.tbx\CalculateField" Date="20170222" Time="133842">CalculateField Watersheds_PriorityTrace_dissolve_20161220 HUC_Level 8 VB #</Process><Process ToolSource="c:\program files (x86)\arcgis\desktop10.4\ArcToolbox\Toolboxes\Data Management Tools.tbx\CalculateField" Date="20170222" Time="133850">CalculateField Watersheds_PriorityTrace_dissolve_20161220 BFH_Status "done" VB #</Process><Process ToolSource="c:\program files (x86)\arcgis\desktop10.4\ArcToolbox\Toolboxes\Data Management Tools.tbx\CalculateField" Date="20170223" Time="082755">CalculateField Watersheds_PriorityTrace_dissolve_20161220 BFH_Status "done" VB #</Process><Process ToolSource="c:\program files (x86)\arcgis\desktop10.4\ArcToolbox\Toolboxes\Data Management Tools.tbx\CalculateField" Date="20170310" Time="082747">CalculateField "FISHPass Test Watersheds" Label [TraceName] VB #</Process><Process ToolSource="c:\program files\arcgis\pro\Resources\ArcToolbox\toolboxes\Data Management Tools.tbx\Append" Date="20180124" Time="093338">Append tmp_Eel_Watershed_Dissolve "FISHPass Trace Watersheds (2018)" "Use the Field Map to reconcile schema differences" "TraceName "TraceName" true true false 50 Text 0 0,First,#;HUC_Level "HUC_Level" true true false 2 Short 0 0,First,#;BFH_Status "BFH_Status" true true false 50 Text 0 0,First,#;MapID "MapID" true true false 2 Short 0 0,First,#;FISHPass_TraceInputs "FISHPass_TraceInputs" true true false 2 Short 0 0,First,#;Not100k_or_Disconnected "Not100k_or_Disconnected" true true false 2 Short 0 0,First,#;OutsideBFH "OutsideBFH" true true false 2 Short 0 0,First,#;NaturalBarriers "NaturalBarriers" true true false 2 Short 0 0,First,#;PotentialSolutions "PotentialSolutions" true true false 2 Short 0 0,First,#;Label "Label" true true false 100 Text 0 0,First,#;BFH_Max_Slope "BFH_Max_Slope" true true false 8 Double 0 0,First,#;BFH_Min_Aug_Flow "BFH_Min_Aug_Flow" true true false 8 Double 0 0,First,#" #</Process><Process ToolSource="c:\program files\arcgis\pro\Resources\ArcToolbox\toolboxes\Data Management Tools.tbx\AddField" Date="20180124" Time="093403">AddField "CIMDATA=&lt;CIMStandardDataConnection xsi:type='typens:CIMStandardDataConnection' xmlns:xsi='http://www.w3.org/2001/XMLSchema-instance' xmlns:xs='http://www.w3.org/2001/XMLSchema' xmlns:typens='http://www.esri.com/schemas/ArcGIS/2.1.0'&gt;&lt;WorkspaceConnectionString&gt;DATABASE=D:\Dropbox\Dropbox\FISHPass\FISHPass_AGISP\FISHPass_AGISP.gdb&lt;/WorkspaceConnectionString&gt;&lt;WorkspaceFactory&gt;FileGDB&lt;/WorkspaceFactory&gt;&lt;Dataset&gt;FISHPass_Trace_Watersheds&lt;/Dataset&gt;&lt;DatasetType&gt;esriDTFeatureClass&lt;/DatasetType&gt;&lt;/CIMStandardDataConnection&gt;" Display_Flag "Short (small integer)" # # # "Display Flag" NULLABLE NON_REQUIRED #</Process><Process ToolSource="c:\program files\arcgis\pro\Resources\ArcToolbox\toolboxes\Data Management Tools.tbx\CalculateField" Date="20180124" Time="093415">CalculateField "FISHPass Trace Watersheds (2018)" Display_Flag 0 "Python 3" #</Process><Process ToolSource="c:\program files\arcgis\pro\Resources\ArcToolbox\toolboxes\Data Management Tools.tbx\CalculateField" Date="20180124" Time="093426">CalculateField "FISHPass Trace Watersheds (2018)" Display_Flag 1 "Python 3" #</Process><Process ToolSource="c:\program files\arcgis\pro\Resources\ArcToolbox\toolboxes\Data Management Tools.tbx\Append" Date="20180406" Time="113710">Append WBD\WBD_HU8 "FISHPass Trace Watersheds" "Use the Field Map to reconcile schema differences" "TraceName "TraceName" true true false 50 Text 0 0,First,#;HUC_Level "HUC_Level" true true false 2 Short 0 0,First,#;BFH_Status "BFH_Status" true true false 50 Text 0 0,First,#;MapID "MapID" true true false 2 Short 0 0,First,#;FISHPass_TraceInputs "FISHPass_TraceInputs" true true false 2 Short 0 0,First,#;Not100k_or_Disconnected "Not100k_or_Disconnected" true true false 2 Short 0 0,First,#;OutsideBFH "OutsideBFH" true true false 2 Short 0 0,First,#;NaturalBarriers "NaturalBarriers" true true false 2 Short 0 0,First,#;PotentialSolutions "PotentialSolutions" true true false 2 Short 0 0,First,#;Label "Label" true true false 100 Text 0 0,First,#,WBD\WBD_HU8,HUC8_Name,0,100;BFH_Max_Slope "BFH_Max_Slope" true true false 8 Double 0 0,First,#;BFH_Min_Aug_Flow "BFH_Min_Aug_Flow" true true false 8 Double 0 0,First,#;Display_Flag "Display Flag" true true false 2 Short 0 0,First,#" #</Process><Process ToolSource="c:\program files\arcgis\pro\Resources\ArcToolbox\toolboxes\Data Management Tools.tbx\AddField" Date="20180406" Time="114000">AddField "CIMDATA=&lt;CIMStandardDataConnection xsi:type='typens:CIMStandardDataConnection' xmlns:xsi='http://www.w3.org/2001/XMLSchema-instance' xmlns:xs='http://www.w3.org/2001/XMLSchema' xmlns:typens='http://www.esri.com/schemas/ArcGIS/2.1.0'&gt;&lt;WorkspaceConnectionString&gt;DATABASE=D:\Dropbox\Dropbox\FISHPass\FISHPass_AGISP\FISHPass_AGISP.gdb&lt;/WorkspaceConnectionString&gt;&lt;WorkspaceFactory&gt;FileGDB&lt;/WorkspaceFactory&gt;&lt;Dataset&gt;FISHPass_Trace_Watersheds&lt;/Dataset&gt;&lt;DatasetType&gt;esriDTFeatureClass&lt;/DatasetType&gt;&lt;/CIMStandardDataConnection&gt;" MilesUpstreamPotential "Double  (double precision)" # # # MilesUpstreamPotential NULLABLE NON_REQUIRED #</Process><Process ToolSource="c:\program files\arcgis\pro\Resources\ArcToolbox\toolboxes\Data Management Tools.tbx\AddField" Date="20180406" Time="114001">AddField "CIMDATA=&lt;CIMStandardDataConnection xsi:type='typens:CIMStandardDataConnection' xmlns:xsi='http://www.w3.org/2001/XMLSchema-instance' xmlns:xs='http://www.w3.org/2001/XMLSchema' xmlns:typens='http://www.esri.com/schemas/ArcGIS/2.1.0'&gt;&lt;WorkspaceConnectionString&gt;DATABASE=D:\Dropbox\Dropbox\FISHPass\FISHPass_AGISP\FISHPass_AGISP.gdb&lt;/WorkspaceConnectionString&gt;&lt;WorkspaceFactory&gt;FileGDB&lt;/WorkspaceFactory&gt;&lt;Dataset&gt;FISHPass_Trace_Watersheds&lt;/Dataset&gt;&lt;DatasetType&gt;esriDTFeatureClass&lt;/DatasetType&gt;&lt;/CIMStandardDataConnection&gt;" Mean_DS_Barrier "Double  (double precision)" # # # Mean_DS_Barrier NULLABLE NON_REQUIRED #</Process><Process ToolSource="c:\program files\arcgis\pro\Resources\ArcToolbox\toolboxes\Data Management Tools.tbx\Append" Date="20180618" Time="144532">Append WBD\WBD_HU8 "FISHPass Trace Watersheds" "Use the Field Map to reconcile schema differences" "TraceName "TraceName" true true false 50 Text 0 0,First,#,WBD\WBD_HU8,HUC8_Name,0,50;HUC_Level "HUC_Level" true true false 2 Short 0 0,First,#;BFH_Status "BFH_Status" true true false 50 Text 0 0,First,#;MapID "MapID" true true false 2 Short 0 0,First,#;FISHPass_TraceInputs "FISHPass_TraceInputs" true true false 2 Short 0 0,First,#;Not100k_or_Disconnected "Not100k_or_Disconnected" true true false 2 Short 0 0,First,#;OutsideBFH "OutsideBFH" true true false 2 Short 0 0,First,#;NaturalBarriers "NaturalBarriers" true true false 2 Short 0 0,First,#;PotentialSolutions "PotentialSolutions" true true false 2 Short 0 0,First,#;Label "Label" true true false 100 Text 0 0,First,#,WBD\WBD_HU8,HUC8_Name,0,100;BFH_Max_Slope "BFH_Max_Slope" true true false 8 Double 0 0,First,#;BFH_Min_Aug_Flow "BFH_Min_Aug_Flow" true true false 8 Double 0 0,First,#;Display_Flag "Display Flag" true true false 2 Short 0 0,First,#;MilesUpstreamPotential "MilesUpstreamPotential" true true false 8 Double 0 0,First,#;Mean_DS_Barrier "Mean_DS_Barrier" true true false 8 Double 0 0,First,#" #</Process><Process ToolSource="c:\program files\arcgis\pro\Resources\ArcToolbox\toolboxes\Data Management Tools.tbx\AddField" Date="20180619" Time="072010">AddField "CIMDATA=&lt;CIMStandardDataConnection xsi:type='typens:CIMStandardDataConnection' xmlns:xsi='http://www.w3.org/2001/XMLSchema-instance' xmlns:xs='http://www.w3.org/2001/XMLSchema' xmlns:typens='http://www.esri.com/schemas/ArcGIS/2.1.0'&gt;&lt;WorkspaceConnectionString&gt;DATABASE=D:\Dropbox\Dropbox\FISHPass\FISHPass_AGISP\FISHPass_AGISP.gdb&lt;/WorkspaceConnectionString&gt;&lt;WorkspaceFactory&gt;FileGDB&lt;/WorkspaceFactory&gt;&lt;Dataset&gt;FISHPass_Trace_Watersheds&lt;/Dataset&gt;&lt;DatasetType&gt;esriDTFeatureClass&lt;/DatasetType&gt;&lt;/CIMStandardDataConnection&gt;" PAD_Data_Vers Text # # 120 PAD_Data_Vers NULLABLE NON_REQUIRED #</Process><Process ToolSource="c:\program files\arcgis\pro\Resources\ArcToolbox\toolboxes\Data Management Tools.tbx\CalculateField" Date="20180619" Time="072855">CalculateField "FISHPass Trace Watersheds" PAD_Data_Vers "PADForFISHPass_20180510" "Python 3" #</Process><Process ToolSource="c:\program files\arcgis\pro\Resources\ArcToolbox\toolboxes\Data Management Tools.tbx\Append" Date="20180620" Time="142424">Append WBD\WBD_HU8 "FISHPass Trace Watersheds" "Use the Field Map to reconcile schema differences" "TraceName "TraceName" true true false 50 Text 0 0,First,#,WBD\WBD_HU8,HUC8_Name,0,50;HUC_Level "HUC_Level" true true false 2 Short 0 0,First,#;BFH_Status "BFH_Status" true true false 50 Text 0 0,First,#;MapID "MapID" true true false 2 Short 0 0,First,#;FISHPass_TraceInputs "FISHPass_TraceInputs" true true false 2 Short 0 0,First,#;Not100k_or_Disconnected "Not100k_or_Disconnected" true true false 2 Short 0 0,First,#;OutsideBFH "OutsideBFH" true true false 2 Short 0 0,First,#;NaturalBarriers "NaturalBarriers" true true false 2 Short 0 0,First,#;PotentialSolutions "PotentialSolutions" true true false 2 Short 0 0,First,#;Label "Label" true true false 100 Text 0 0,First,#;BFH_Max_Slope "BFH_Max_Slope" true true false 8 Double 0 0,First,#;BFH_Min_Aug_Flow "BFH_Min_Aug_Flow" true true false 8 Double 0 0,First,#;Display_Flag "Display Flag" true true false 2 Short 0 0,First,#;MilesUpstreamPotential "MilesUpstreamPotential" true true false 8 Double 0 0,First,#;Mean_DS_Barrier "Mean_DS_Barrier" true true false 8 Double 0 0,First,#;PAD_Data_Vers "PAD_Data_Vers" true true false 120 Text 0 0,First,#" #</Process><Process ToolSource="c:\program files\arcgis\pro\Resources\ArcToolbox\toolboxes\Data Management Tools.tbx\Append" Date="20180621" Time="124748">Append WBD\WBD_HU8 "FISHPass Trace Watersheds" "Use the Field Map to reconcile schema differences" "TraceName "TraceName" true true false 50 Text 0 0,First,#,WBD\WBD_HU8,HUC8_Name,0,50;HUC_Level "HUC_Level" true true false 2 Short 0 0,First,#;BFH_Status "BFH_Status" true true false 50 Text 0 0,First,#;MapID "MapID" true true false 2 Short 0 0,First,#;FISHPass_TraceInputs "FISHPass_TraceInputs" true true false 2 Short 0 0,First,#;Not100k_or_Disconnected "Not100k_or_Disconnected" true true false 2 Short 0 0,First,#;OutsideBFH "OutsideBFH" true true false 2 Short 0 0,First,#;NaturalBarriers "NaturalBarriers" true true false 2 Short 0 0,First,#;PotentialSolutions "PotentialSolutions" true true false 2 Short 0 0,First,#;Label "Label" true true false 100 Text 0 0,First,#;BFH_Max_Slope "BFH_Max_Slope" true true false 8 Double 0 0,First,#;BFH_Min_Aug_Flow "BFH_Min_Aug_Flow" true true false 8 Double 0 0,First,#;Display_Flag "Display Flag" true true false 2 Short 0 0,First,#;MilesUpstreamPotential "MilesUpstreamPotential" true true false 8 Double 0 0,First,#;Mean_DS_Barrier "Mean_DS_Barrier" true true false 8 Double 0 0,First,#;PAD_Data_Vers "PAD_Data_Vers" true true false 120 Text 0 0,First,#" #</Process><Process ToolSource="c:\program files\arcgis\pro\Resources\ArcToolbox\toolboxes\Data Management Tools.tbx\Append" Date="20180625" Time="074025">Append WBD\tmp_Sacramento_Dissolve "FISHPass Trace Watersheds" "Use the Field Map to reconcile schema differences" "TraceName "TraceName" true true false 50 Text 0 0,First,#;HUC_Level "HUC_Level" true true false 2 Short 0 0,First,#;BFH_Status "BFH_Status" true true false 50 Text 0 0,First,#;MapID "MapID" true true false 2 Short 0 0,First,#;FISHPass_TraceInputs "FISHPass_TraceInputs" true true false 2 Short 0 0,First,#;Not100k_or_Disconnected "Not100k_or_Disconnected" true true false 2 Short 0 0,First,#;OutsideBFH "OutsideBFH" true true false 2 Short 0 0,First,#;NaturalBarriers "NaturalBarriers" true true false 2 Short 0 0,First,#;PotentialSolutions "PotentialSolutions" true true false 2 Short 0 0,First,#;Label "Label" true true false 100 Text 0 0,First,#;BFH_Max_Slope "BFH_Max_Slope" true true false 8 Double 0 0,First,#;BFH_Min_Aug_Flow "BFH_Min_Aug_Flow" true true false 8 Double 0 0,First,#;Display_Flag "Display Flag" true true false 2 Short 0 0,First,#;MilesUpstreamPotential "MilesUpstreamPotential" true true false 8 Double 0 0,First,#;Mean_DS_Barrier "Mean_DS_Barrier" true true false 8 Double 0 0,First,#;PAD_Data_Vers "PAD_Data_Vers" true true false 120 Text 0 0,First,#" #</Process><Process ToolSource="c:\program files\arcgis\pro\Resources\ArcToolbox\toolboxes\Data Management Tools.tbx\Append" Date="20180625" Time="074506">Append WBD\WBD_HU8 "FISHPass Trace Watersheds" "Use the Field Map to reconcile schema differences" "TraceName "TraceName" true true false 50 Text 0 0,First,#,WBD\WBD_HU8,HUC8_Name,0,50;HUC_Level "HUC_Level" true true false 2 Short 0 0,First,#;BFH_Status "BFH_Status" true true false 50 Text 0 0,First,#;MapID "MapID" true true false 2 Short 0 0,First,#;FISHPass_TraceInputs "FISHPass_TraceInputs" true true false 2 Short 0 0,First,#;Not100k_or_Disconnected "Not100k_or_Disconnected" true true false 2 Short 0 0,First,#;OutsideBFH "OutsideBFH" true true false 2 Short 0 0,First,#;NaturalBarriers "NaturalBarriers" true true false 2 Short 0 0,First,#;PotentialSolutions "PotentialSolutions" true true false 2 Short 0 0,First,#;Label "Label" true true false 100 Text 0 0,First,#;BFH_Max_Slope "BFH_Max_Slope" true true false 8 Double 0 0,First,#;BFH_Min_Aug_Flow "BFH_Min_Aug_Flow" true true false 8 Double 0 0,First,#;Display_Flag "Display Flag" true true false 2 Short 0 0,First,#;MilesUpstreamPotential "MilesUpstreamPotential" true true false 8 Double 0 0,First,#;Mean_DS_Barrier "Mean_DS_Barrier" true true false 8 Double 0 0,First,#;PAD_Data_Vers "PAD_Data_Vers" true true false 120 Text 0 0,First,#" #</Process><Process ToolSource="c:\program files\arcgis\pro\Resources\ArcToolbox\toolboxes\Data Management Tools.tbx\Append" Date="20180625" Time="074605">Append WBD\WBD_HU8 "FISHPass Trace Watersheds" "Use the Field Map to reconcile schema differences" "TraceName "TraceName" true true false 50 Text 0 0,First,#;HUC_Level "HUC_Level" true true false 2 Short 0 0,First,#;BFH_Status "BFH_Status" true true false 50 Text 0 0,First,#;MapID "MapID" true true false 2 Short 0 0,First,#;FISHPass_TraceInputs "FISHPass_TraceInputs" true true false 2 Short 0 0,First,#;Not100k_or_Disconnected "Not100k_or_Disconnected" true true false 2 Short 0 0,First,#;OutsideBFH "OutsideBFH" true true false 2 Short 0 0,First,#;NaturalBarriers "NaturalBarriers" true true false 2 Short 0 0,First,#;PotentialSolutions "PotentialSolutions" true true false 2 Short 0 0,First,#;Label "Label" true true false 100 Text 0 0,First,#;BFH_Max_Slope "BFH_Max_Slope" true true false 8 Double 0 0,First,#;BFH_Min_Aug_Flow "BFH_Min_Aug_Flow" true true false 8 Double 0 0,First,#;Display_Flag "Display Flag" true true false 2 Short 0 0,First,#;MilesUpstreamPotential "MilesUpstreamPotential" true true false 8 Double 0 0,First,#;Mean_DS_Barrier "Mean_DS_Barrier" true true false 8 Double 0 0,First,#;PAD_Data_Vers "PAD_Data_Vers" true true false 120 Text 0 0,First,#" #</Process><Process ToolSource="c:\program files\arcgis\pro\Resources\ArcToolbox\toolboxes\Data Management Tools.tbx\Append" Date="20180625" Time="081151">Append WBD\WBD_HU8 "FISHPass Trace Watersheds" "Use the Field Map to reconcile schema differences" "TraceName "TraceName" true true false 50 Text 0 0,First,#,WBD\WBD_HU8,HUC8_Name,0,50;HUC_Level "HUC_Level" true true false 2 Short 0 0,First,#;BFH_Status "BFH_Status" true true false 50 Text 0 0,First,#;MapID "MapID" true true false 2 Short 0 0,First,#;FISHPass_TraceInputs "FISHPass_TraceInputs" true true false 2 Short 0 0,First,#;Not100k_or_Disconnected "Not100k_or_Disconnected" true true false 2 Short 0 0,First,#;OutsideBFH "OutsideBFH" true true false 2 Short 0 0,First,#;NaturalBarriers "NaturalBarriers" true true false 2 Short 0 0,First,#;PotentialSolutions "PotentialSolutions" true true false 2 Short 0 0,First,#;Label "Label" true true false 100 Text 0 0,First,#;BFH_Max_Slope "BFH_Max_Slope" true true false 8 Double 0 0,First,#;BFH_Min_Aug_Flow "BFH_Min_Aug_Flow" true true false 8 Double 0 0,First,#;Display_Flag "Display Flag" true true false 2 Short 0 0,First,#;MilesUpstreamPotential "MilesUpstreamPotential" true true false 8 Double 0 0,First,#;Mean_DS_Barrier "Mean_DS_Barrier" true true false 8 Double 0 0,First,#;PAD_Data_Vers "PAD_Data_Vers" true true false 120 Text 0 0,First,#" #</Process><Process ToolSource="c:\program files\arcgis\pro\Resources\ArcToolbox\toolboxes\Data Management Tools.tbx\Append" Date="20180625" Time="091313">Append WBD\WBD_HU8 "FISHPass Trace Watersheds" "Use the Field Map to reconcile schema differences" "TraceName "TraceName" true true false 50 Text 0 0,First,#,WBD\WBD_HU8,HUC8_Name,0,50;HUC_Level "HUC_Level" true true false 2 Short 0 0,First,#;BFH_Status "BFH_Status" true true false 50 Text 0 0,First,#;MapID "MapID" true true false 2 Short 0 0,First,#;FISHPass_TraceInputs "FISHPass_TraceInputs" true true false 2 Short 0 0,First,#;Not100k_or_Disconnected "Not100k_or_Disconnected" true true false 2 Short 0 0,First,#;OutsideBFH "OutsideBFH" true true false 2 Short 0 0,First,#;NaturalBarriers "NaturalBarriers" true true false 2 Short 0 0,First,#;PotentialSolutions "PotentialSolutions" true true false 2 Short 0 0,First,#;Label "Label" true true false 100 Text 0 0,First,#;BFH_Max_Slope "BFH_Max_Slope" true true false 8 Double 0 0,First,#;BFH_Min_Aug_Flow "BFH_Min_Aug_Flow" true true false 8 Double 0 0,First,#;Display_Flag "Display Flag" true true false 2 Short 0 0,First,#;MilesUpstreamPotential "MilesUpstreamPotential" true true false 8 Double 0 0,First,#;Mean_DS_Barrier "Mean_DS_Barrier" true true false 8 Double 0 0,First,#;PAD_Data_Vers "PAD_Data_Vers" true true false 120 Text 0 0,First,#" #</Process><Process ToolSource="c:\program files\arcgis\pro\Resources\ArcToolbox\toolboxes\Data Management Tools.tbx\Append" Date="20180625" Time="102513">Append WBD\WBD_HU8 "FISHPass Trace Watersheds" "Use the Field Map to reconcile schema differences" "TraceName "TraceName" true true false 50 Text 0 0,First,#,WBD\WBD_HU8,HUC8_Name,0,50;HUC_Level "HUC_Level" true true false 2 Short 0 0,First,#;BFH_Status "BFH_Status" true true false 50 Text 0 0,First,#;MapID "MapID" true true false 2 Short 0 0,First,#;FISHPass_TraceInputs "FISHPass_TraceInputs" true true false 2 Short 0 0,First,#;Not100k_or_Disconnected "Not100k_or_Disconnected" true true false 2 Short 0 0,First,#;OutsideBFH "OutsideBFH" true true false 2 Short 0 0,First,#;NaturalBarriers "NaturalBarriers" true true false 2 Short 0 0,First,#;PotentialSolutions "PotentialSolutions" true true false 2 Short 0 0,First,#;Label "Label" true true false 100 Text 0 0,First,#;BFH_Max_Slope "BFH_Max_Slope" true true false 8 Double 0 0,First,#;BFH_Min_Aug_Flow "BFH_Min_Aug_Flow" true true false 8 Double 0 0,First,#;Display_Flag "Display Flag" true true false 2 Short 0 0,First,#;MilesUpstreamPotential "MilesUpstreamPotential" true true false 8 Double 0 0,First,#;Mean_DS_Barrier "Mean_DS_Barrier" true true false 8 Double 0 0,First,#;PAD_Data_Vers "PAD_Data_Vers" true true false 120 Text 0 0,First,#" #</Process><Process ToolSource="c:\program files\arcgis\pro\Resources\ArcToolbox\toolboxes\Data Management Tools.tbx\Append" Date="20180625" Time="105904">Append WBD\WBD_HU8 "FISHPass Trace Watersheds" "Use the Field Map to reconcile schema differences" "TraceName "TraceName" true true false 50 Text 0 0,First,#,WBD\WBD_HU8,HUC8_Name,0,50;HUC_Level "HUC_Level" true true false 2 Short 0 0,First,#;BFH_Status "BFH_Status" true true false 50 Text 0 0,First,#;MapID "MapID" true true false 2 Short 0 0,First,#;FISHPass_TraceInputs "FISHPass_TraceInputs" true true false 2 Short 0 0,First,#;Not100k_or_Disconnected "Not100k_or_Disconnected" true true false 2 Short 0 0,First,#;OutsideBFH "OutsideBFH" true true false 2 Short 0 0,First,#;NaturalBarriers "NaturalBarriers" true true false 2 Short 0 0,First,#;PotentialSolutions "PotentialSolutions" true true false 2 Short 0 0,First,#;Label "Label" true true false 100 Text 0 0,First,#;BFH_Max_Slope "BFH_Max_Slope" true true false 8 Double 0 0,First,#;BFH_Min_Aug_Flow "BFH_Min_Aug_Flow" true true false 8 Double 0 0,First,#;Display_Flag "Display Flag" true true false 2 Short 0 0,First,#;MilesUpstreamPotential "MilesUpstreamPotential" true true false 8 Double 0 0,First,#;Mean_DS_Barrier "Mean_DS_Barrier" true true false 8 Double 0 0,First,#;PAD_Data_Vers "PAD_Data_Vers" true true false 120 Text 0 0,First,#" #</Process><Process ToolSource="c:\program files\arcgis\pro\Resources\ArcToolbox\toolboxes\Data Management Tools.tbx\Append" Date="20180625" Time="130838">Append WBD\WBD_HU8 "FISHPass Trace Watersheds" "Use the Field Map to reconcile schema differences" "TraceName "TraceName" true true false 50 Text 0 0,First,#,WBD\WBD_HU8,HUC8_Name,0,50;HUC_Level "HUC_Level" true true false 2 Short 0 0,First,#;BFH_Status "BFH_Status" true true false 50 Text 0 0,First,#;MapID "MapID" true true false 2 Short 0 0,First,#;FISHPass_TraceInputs "FISHPass_TraceInputs" true true false 2 Short 0 0,First,#;Not100k_or_Disconnected "Not100k_or_Disconnected" true true false 2 Short 0 0,First,#;OutsideBFH "OutsideBFH" true true false 2 Short 0 0,First,#;NaturalBarriers "NaturalBarriers" true true false 2 Short 0 0,First,#;PotentialSolutions "PotentialSolutions" true true false 2 Short 0 0,First,#;Label "Label" true true false 100 Text 0 0,First,#;BFH_Max_Slope "BFH_Max_Slope" true true false 8 Double 0 0,First,#;BFH_Min_Aug_Flow "BFH_Min_Aug_Flow" true true false 8 Double 0 0,First,#;Display_Flag "Display Flag" true true false 2 Short 0 0,First,#;MilesUpstreamPotential "MilesUpstreamPotential" true true false 8 Double 0 0,First,#;Mean_DS_Barrier "Mean_DS_Barrier" true true false 8 Double 0 0,First,#;PAD_Data_Vers "PAD_Data_Vers" true true false 120 Text 0 0,First,#" #</Process><Process ToolSource="c:\program files\arcgis\pro\Resources\ArcToolbox\toolboxes\Data Management Tools.tbx\Append" Date="20180625" Time="141415">Append WBD\WBD_HU8 "FISHPass Trace Watersheds" "Use the Field Map to reconcile schema differences" "TraceName "TraceName" true true false 50 Text 0 0,First,#,WBD\WBD_HU8,HUC8_Name,0,50;HUC_Level "HUC_Level" true true false 2 Short 0 0,First,#;BFH_Status "BFH_Status" true true false 50 Text 0 0,First,#;MapID "MapID" true true false 2 Short 0 0,First,#;FISHPass_TraceInputs "FISHPass_TraceInputs" true true false 2 Short 0 0,First,#;Not100k_or_Disconnected "Not100k_or_Disconnected" true true false 2 Short 0 0,First,#;OutsideBFH "OutsideBFH" true true false 2 Short 0 0,First,#;NaturalBarriers "NaturalBarriers" true true false 2 Short 0 0,First,#;PotentialSolutions "PotentialSolutions" true true false 2 Short 0 0,First,#;Label "Label" true true false 100 Text 0 0,First,#;BFH_Max_Slope "BFH_Max_Slope" true true false 8 Double 0 0,First,#;BFH_Min_Aug_Flow "BFH_Min_Aug_Flow" true true false 8 Double 0 0,First,#;Display_Flag "Display Flag" true true false 2 Short 0 0,First,#;MilesUpstreamPotential "MilesUpstreamPotential" true true false 8 Double 0 0,First,#;Mean_DS_Barrier "Mean_DS_Barrier" true true false 8 Double 0 0,First,#;PAD_Data_Vers "PAD_Data_Vers" true true false 120 Text 0 0,First,#" #</Process><Process ToolSource="c:\program files\arcgis\pro\Resources\ArcToolbox\toolboxes\Data Management Tools.tbx\Append" Date="20180625" Time="151012">Append WBD\WBD_HU8 "FISHPass Trace Watersheds" "Use the Field Map to reconcile schema differences" "TraceName "TraceName" true true false 50 Text 0 0,First,#,WBD\WBD_HU8,HUC8_Name,0,50;HUC_Level "HUC_Level" true true false 2 Short 0 0,First,#;BFH_Status "BFH_Status" true true false 50 Text 0 0,First,#;MapID "MapID" true true false 2 Short 0 0,First,#;FISHPass_TraceInputs "FISHPass_TraceInputs" true true false 2 Short 0 0,First,#;Not100k_or_Disconnected "Not100k_or_Disconnected" true true false 2 Short 0 0,First,#;OutsideBFH "OutsideBFH" true true false 2 Short 0 0,First,#;NaturalBarriers "NaturalBarriers" true true false 2 Short 0 0,First,#;PotentialSolutions "PotentialSolutions" true true false 2 Short 0 0,First,#;Label "Label" true true false 100 Text 0 0,First,#;BFH_Max_Slope "BFH_Max_Slope" true true false 8 Double 0 0,First,#;BFH_Min_Aug_Flow "BFH_Min_Aug_Flow" true true false 8 Double 0 0,First,#;Display_Flag "Display Flag" true true false 2 Short 0 0,First,#;MilesUpstreamPotential "MilesUpstreamPotential" true true false 8 Double 0 0,First,#;Mean_DS_Barrier "Mean_DS_Barrier" true true false 8 Double 0 0,First,#;PAD_Data_Vers "PAD_Data_Vers" true true false 120 Text 0 0,First,#" #</Process><Process ToolSource="c:\program files\arcgis\pro\Resources\ArcToolbox\toolboxes\Data Management Tools.tbx\AddField" Date="20180626" Time="075845">AddField "CIMDATA=&lt;CIMStandardDataConnection xsi:type='typens:CIMStandardDataConnection' xmlns:xsi='http://www.w3.org/2001/XMLSchema-instance' xmlns:xs='http://www.w3.org/2001/XMLSchema' xmlns:typens='http://www.esri.com/schemas/ArcGIS/2.1.0'&gt;&lt;WorkspaceConnectionString&gt;DATABASE=D:\Dropbox\Dropbox\FISHPass\FISHPass_AGISP\FISHPass_AGISP.gdb&lt;/WorkspaceConnectionString&gt;&lt;WorkspaceFactory&gt;FileGDB&lt;/WorkspaceFactory&gt;&lt;Dataset&gt;FISHPass_Trace_Watersheds&lt;/Dataset&gt;&lt;DatasetType&gt;esriDTFeatureClass&lt;/DatasetType&gt;&lt;/CIMStandardDataConnection&gt;" Modified_Notes Text # # 255 Modified_Notes NULLABLE NON_REQUIRED #</Process><Process ToolSource="c:\program files\arcgis\pro\Resources\ArcToolbox\toolboxes\Data Management Tools.tbx\Append" Date="20180626" Time="080949">Append WBD\WBD_HU8 "FISHPass Trace Watersheds" "Use the Field Map to reconcile schema differences" "TraceName "TraceName" true true false 50 Text 0 0,First,#,WBD\WBD_HU8,HUC8_Name,0,50;HUC_Level "HUC_Level" true true false 2 Short 0 0,First,#;BFH_Status "BFH_Status" true true false 50 Text 0 0,First,#;MapID "MapID" true true false 2 Short 0 0,First,#;FISHPass_TraceInputs "FISHPass_TraceInputs" true true false 2 Short 0 0,First,#;Not100k_or_Disconnected "Not100k_or_Disconnected" true true false 2 Short 0 0,First,#;OutsideBFH "OutsideBFH" true true false 2 Short 0 0,First,#;NaturalBarriers "NaturalBarriers" true true false 2 Short 0 0,First,#;PotentialSolutions "PotentialSolutions" true true false 2 Short 0 0,First,#;Label "Label" true true false 100 Text 0 0,First,#;BFH_Max_Slope "BFH_Max_Slope" true true false 8 Double 0 0,First,#;BFH_Min_Aug_Flow "BFH_Min_Aug_Flow" true true false 8 Double 0 0,First,#;Display_Flag "Display Flag" true true false 2 Short 0 0,First,#;MilesUpstreamPotential "MilesUpstreamPotential" true true false 8 Double 0 0,First,#;Mean_DS_Barrier "Mean_DS_Barrier" true true false 8 Double 0 0,First,#;PAD_Data_Vers "PAD_Data_Vers" true true false 120 Text 0 0,First,#;Modified_Notes "Modified_Notes" true true false 255 Text 0 0,First,#" #</Process><Process ToolSource="c:\program files\arcgis\pro\Resources\ArcToolbox\toolboxes\Data Management Tools.tbx\Append" Date="20180626" Time="093029">Append WBD\WBD_HU8 "FISHPass Trace Watersheds" "Use the Field Map to reconcile schema differences" "TraceName "TraceName" true true false 50 Text 0 0,First,#,WBD\WBD_HU8,HUC8_Name,0,50;HUC_Level "HUC_Level" true true false 2 Short 0 0,First,#;BFH_Status "BFH_Status" true true false 50 Text 0 0,First,#;MapID "MapID" true true false 2 Short 0 0,First,#;FISHPass_TraceInputs "FISHPass_TraceInputs" true true false 2 Short 0 0,First,#;Not100k_or_Disconnected "Not100k_or_Disconnected" true true false 2 Short 0 0,First,#;OutsideBFH "OutsideBFH" true true false 2 Short 0 0,First,#;NaturalBarriers "NaturalBarriers" true true false 2 Short 0 0,First,#;PotentialSolutions "PotentialSolutions" true true false 2 Short 0 0,First,#;Label "Label" true true false 100 Text 0 0,First,#;BFH_Max_Slope "BFH_Max_Slope" true true false 8 Double 0 0,First,#;BFH_Min_Aug_Flow "BFH_Min_Aug_Flow" true true false 8 Double 0 0,First,#;Display_Flag "Display Flag" true true false 2 Short 0 0,First,#;MilesUpstreamPotential "MilesUpstreamPotential" true true false 8 Double 0 0,First,#;Mean_DS_Barrier "Mean_DS_Barrier" true true false 8 Double 0 0,First,#;PAD_Data_Vers "PAD_Data_Vers" true true false 120 Text 0 0,First,#;Modified_Notes "Modified_Notes" true true false 255 Text 0 0,First,#" #</Process><Process ToolSource="c:\program files\arcgis\pro\Resources\ArcToolbox\toolboxes\Data Management Tools.tbx\Append" Date="20180626" Time="100554">Append WBD\WBD_HU8 "FISHPass Trace Watersheds" "Use the Field Map to reconcile schema differences" "TraceName "TraceName" true true false 50 Text 0 0,First,#,WBD\WBD_HU8,HUC8_Name,0,50;HUC_Level "HUC_Level" true true false 2 Short 0 0,First,#;BFH_Status "BFH_Status" true true false 50 Text 0 0,First,#;MapID "MapID" true true false 2 Short 0 0,First,#;FISHPass_TraceInputs "FISHPass_TraceInputs" true true false 2 Short 0 0,First,#;Not100k_or_Disconnected "Not100k_or_Disconnected" true true false 2 Short 0 0,First,#;OutsideBFH "OutsideBFH" true true false 2 Short 0 0,First,#;NaturalBarriers "NaturalBarriers" true true false 2 Short 0 0,First,#;PotentialSolutions "PotentialSolutions" true true false 2 Short 0 0,First,#;Label "Label" true true false 100 Text 0 0,First,#;BFH_Max_Slope "BFH_Max_Slope" true true false 8 Double 0 0,First,#;BFH_Min_Aug_Flow "BFH_Min_Aug_Flow" true true false 8 Double 0 0,First,#;Display_Flag "Display Flag" true true false 2 Short 0 0,First,#;MilesUpstreamPotential "MilesUpstreamPotential" true true false 8 Double 0 0,First,#;Mean_DS_Barrier "Mean_DS_Barrier" true true false 8 Double 0 0,First,#;PAD_Data_Vers "PAD_Data_Vers" true true false 120 Text 0 0,First,#;Modified_Notes "Modified_Notes" true true false 255 Text 0 0,First,#" #</Process><Process ToolSource="c:\program files\arcgis\pro\Resources\ArcToolbox\toolboxes\Data Management Tools.tbx\Append" Date="20180809" Time="114848">Append tmp_SJ_Dissolve "FISHPass Trace Watersheds" "Use the Field Map to reconcile schema differences" "TraceName "TraceName" true true false 50 Text 0 0,First,#;HUC_Level "HUC_Level" true true false 2 Short 0 0,First,#;BFH_Status "BFH_Status" true true false 50 Text 0 0,First,#;MapID "MapID" true true false 2 Short 0 0,First,#;FISHPass_TraceInputs "FISHPass_TraceInputs" true true false 2 Short 0 0,First,#;Not100k_or_Disconnected "Not100k_or_Disconnected" true true false 2 Short 0 0,First,#;OutsideBFH "OutsideBFH" true true false 2 Short 0 0,First,#;NaturalBarriers "NaturalBarriers" true true false 2 Short 0 0,First,#;PotentialSolutions "PotentialSolutions" true true false 2 Short 0 0,First,#;Label "Label" true true false 100 Text 0 0,First,#;BFH_Max_Slope "BFH_Max_Slope" true true false 8 Double 0 0,First,#;BFH_Min_Aug_Flow "BFH_Min_Aug_Flow" true true false 8 Double 0 0,First,#;Display_Flag "Display Flag" true true false 2 Short 0 0,First,#;MilesUpstreamPotential "MilesUpstreamPotential" true true false 8 Double 0 0,First,#;Mean_DS_Barrier "Mean_DS_Barrier" true true false 8 Double 0 0,First,#;PAD_Data_Vers "PAD_Data_Vers" true true false 120 Text 0 0,First,#;Modified_Notes "Modified_Notes" true true false 255 Text 0 0,First,#" # #</Process><Process ToolSource="c:\program files\arcgis\pro\Resources\ArcToolbox\toolboxes\Data Management Tools.tbx\Append" Date="20180904" Time="144204">Append WBD\WBD_HU8 "FISHPass Trace Watersheds" "Use the Field Map to reconcile schema differences" "TraceName "TraceName" true true false 50 Text 0 0,First,#,WBD\WBD_HU8,HUC8_Name,0,50;HUC_Level "HUC_Level" true true false 2 Short 0 0,First,#;BFH_Status "BFH_Status" true true false 50 Text 0 0,First,#;MapID "MapID" true true false 2 Short 0 0,First,#;FISHPass_TraceInputs "FISHPass_TraceInputs" true true false 2 Short 0 0,First,#;Not100k_or_Disconnected "Not100k_or_Disconnected" true true false 2 Short 0 0,First,#;OutsideBFH "OutsideBFH" true true false 2 Short 0 0,First,#;NaturalBarriers "NaturalBarriers" true true false 2 Short 0 0,First,#;PotentialSolutions "PotentialSolutions" true true false 2 Short 0 0,First,#;Label "Label" true true false 100 Text 0 0,First,#;BFH_Max_Slope "BFH_Max_Slope" true true false 8 Double 0 0,First,#;BFH_Min_Aug_Flow "BFH_Min_Aug_Flow" true true false 8 Double 0 0,First,#;Display_Flag "Display Flag" true true false 2 Short 0 0,First,#;MilesUpstreamPotential "MilesUpstreamPotential" true true false 8 Double 0 0,First,#;Mean_DS_Barrier "Mean_DS_Barrier" true true false 8 Double 0 0,First,#;PAD_Data_Vers "PAD_Data_Vers" true true false 120 Text 0 0,First,#;Modified_Notes "Modified_Notes" true true false 255 Text 0 0,First,#" # #</Process><Process ToolSource="c:\program files\arcgis\pro\Resources\ArcToolbox\toolboxes\Data Management Tools.tbx\Append" Date="20180904" Time="144401">Append WBD\WBD_HU8 "FISHPass Trace Watersheds" "Use the Field Map to reconcile schema differences" "TraceName "TraceName" true true false 50 Text 0 0,First,#;HUC_Level "HUC_Level" true true false 2 Short 0 0,First,#;BFH_Status "BFH_Status" true true false 50 Text 0 0,First,#;MapID "MapID" true true false 2 Short 0 0,First,#;FISHPass_TraceInputs "FISHPass_TraceInputs" true true false 2 Short 0 0,First,#;Not100k_or_Disconnected "Not100k_or_Disconnected" true true false 2 Short 0 0,First,#;OutsideBFH "OutsideBFH" true true false 2 Short 0 0,First,#;NaturalBarriers "NaturalBarriers" true true false 2 Short 0 0,First,#;PotentialSolutions "PotentialSolutions" true true false 2 Short 0 0,First,#;Label "Label" true true false 100 Text 0 0,First,#;BFH_Max_Slope "BFH_Max_Slope" true true false 8 Double 0 0,First,#;BFH_Min_Aug_Flow "BFH_Min_Aug_Flow" true true false 8 Double 0 0,First,#;Display_Flag "Display Flag" true true false 2 Short 0 0,First,#;MilesUpstreamPotential "MilesUpstreamPotential" true true false 8 Double 0 0,First,#;Mean_DS_Barrier "Mean_DS_Barrier" true true false 8 Double 0 0,First,#;PAD_Data_Vers "PAD_Data_Vers" true true false 120 Text 0 0,First,#;Modified_Notes "Modified_Notes" true true false 255 Text 0 0,First,#" # #</Process><Process ToolSource="c:\program files\arcgis\pro\Resources\ArcToolbox\toolboxes\Data Management Tools.tbx\CopyFeatures" Date="20180906" Time="073241">CopyFeatures "FISHPass Trace Watersheds" D:\GIS\Projects\PAD\FISHPass\FISHPass_Data.gdb\FISHPass_Trace_Watersheds_Stats # # # #</Process><Process ToolSource="c:\program files\arcgis\pro\Resources\ArcToolbox\toolboxes\Data Management Tools.tbx\Append" Date="20180914" Time="123511">Append WBD\WBD_HU8 "FISHPass Trace Watersheds" "Use the Field Map to reconcile schema differences" "TraceName "TraceName" true true false 50 Text 0 0,First,#,WBD\WBD_HU8,HUC8_Name,0,50;HUC_Level "HUC_Level" true true false 2 Short 0 0,First,#;BFH_Status "BFH_Status" true true false 50 Text 0 0,First,#;MapID "MapID" true true false 2 Short 0 0,First,#;FISHPass_TraceInputs "FISHPass_TraceInputs" true true false 2 Short 0 0,First,#;Not100k_or_Disconnected "Not100k_or_Disconnected" true true false 2 Short 0 0,First,#;OutsideBFH "OutsideBFH" true true false 2 Short 0 0,First,#;NaturalBarriers "NaturalBarriers" true true false 2 Short 0 0,First,#;PotentialSolutions "PotentialSolutions" true true false 2 Short 0 0,First,#;Label "Label" true true false 100 Text 0 0,First,#;BFH_Max_Slope "BFH_Max_Slope" true true false 8 Double 0 0,First,#;BFH_Min_Aug_Flow "BFH_Min_Aug_Flow" true true false 8 Double 0 0,First,#;Display_Flag "Display Flag" true true false 2 Short 0 0,First,#;MilesUpstreamPotential "MilesUpstreamPotential" true true false 8 Double 0 0,First,#;Mean_DS_Barrier "Mean_DS_Barrier" true true false 8 Double 0 0,First,#;PAD_Data_Vers "PAD_Data_Vers" true true false 120 Text 0 0,First,#;Modified_Notes "Modified_Notes" true true false 255 Text 0 0,First,#" # #</Process><Process ToolSource="c:\program files\arcgis\pro\Resources\ArcToolbox\toolboxes\Data Management Tools.tbx\Append" Date="20180914" Time="124847">Append WBD\tmp_Dissolve_Klamath "FISHPass Trace Watersheds" "Use the Field Map to reconcile schema differences" "TraceName "TraceName" true true false 50 Text 0 0,First,#;HUC_Level "HUC_Level" true true false 2 Short 0 0,First,#;BFH_Status "BFH_Status" true true false 50 Text 0 0,First,#;MapID "MapID" true true false 2 Short 0 0,First,#;FISHPass_TraceInputs "FISHPass_TraceInputs" true true false 2 Short 0 0,First,#;Not100k_or_Disconnected "Not100k_or_Disconnected" true true false 2 Short 0 0,First,#;OutsideBFH "OutsideBFH" true true false 2 Short 0 0,First,#;NaturalBarriers "NaturalBarriers" true true false 2 Short 0 0,First,#;PotentialSolutions "PotentialSolutions" true true false 2 Short 0 0,First,#;Label "Label" true true false 100 Text 0 0,First,#;BFH_Max_Slope "BFH_Max_Slope" true true false 8 Double 0 0,First,#;BFH_Min_Aug_Flow "BFH_Min_Aug_Flow" true true false 8 Double 0 0,First,#;Display_Flag "Display Flag" true true false 2 Short 0 0,First,#;MilesUpstreamPotential "MilesUpstreamPotential" true true false 8 Double 0 0,First,#;Mean_DS_Barrier "Mean_DS_Barrier" true true false 8 Double 0 0,First,#;PAD_Data_Vers "PAD_Data_Vers" true true false 120 Text 0 0,First,#;Modified_Notes "Modified_Notes" true true false 255 Text 0 0,First,#" # #</Process><Process ToolSource="c:\program files\arcgis\pro\Resources\ArcToolbox\toolboxes\Data Management Tools.tbx\Append" Date="20180914" Time="131422">Append WBD\WBD_HU8 "FISHPass Trace Watersheds" "Use the Field Map to reconcile schema differences" "TraceName "TraceName" true true false 50 Text 0 0,First,#,WBD\WBD_HU8,HUC8_Name,0,50;HUC_Level "HUC_Level" true true false 2 Short 0 0,First,#;BFH_Status "BFH_Status" true true false 50 Text 0 0,First,#;MapID "MapID" true true false 2 Short 0 0,First,#;FISHPass_TraceInputs "FISHPass_TraceInputs" true true false 2 Short 0 0,First,#;Not100k_or_Disconnected "Not100k_or_Disconnected" true true false 2 Short 0 0,First,#;OutsideBFH "OutsideBFH" true true false 2 Short 0 0,First,#;NaturalBarriers "NaturalBarriers" true true false 2 Short 0 0,First,#;PotentialSolutions "PotentialSolutions" true true false 2 Short 0 0,First,#;Label "Label" true true false 100 Text 0 0,First,#;BFH_Max_Slope "BFH_Max_Slope" true true false 8 Double 0 0,First,#;BFH_Min_Aug_Flow "BFH_Min_Aug_Flow" true true false 8 Double 0 0,First,#;Display_Flag "Display Flag" true true false 2 Short 0 0,First,#;MilesUpstreamPotential "MilesUpstreamPotential" true true false 8 Double 0 0,First,#;Mean_DS_Barrier "Mean_DS_Barrier" true true false 8 Double 0 0,First,#;PAD_Data_Vers "PAD_Data_Vers" true true false 120 Text 0 0,First,#;Modified_Notes "Modified_Notes" true true false 255 Text 0 0,First,#" # #</Process><Process ToolSource="c:\program files\arcgis\pro\Resources\ArcToolbox\toolboxes\Data Management Tools.tbx\Append" Date="20180917" Time="100413">Append WBD\WBD_HU8 "FISHPass Trace Watersheds" "Use the Field Map to reconcile schema differences" "TraceName "TraceName" true true false 50 Text 0 0,First,#,WBD\WBD_HU8,HUC8_Name,0,50;HUC_Level "HUC_Level" true true false 2 Short 0 0,First,#;BFH_Status "BFH_Status" true true false 50 Text 0 0,First,#;MapID "MapID" true true false 2 Short 0 0,First,#;FISHPass_TraceInputs "FISHPass_TraceInputs" true true false 2 Short 0 0,First,#;Not100k_or_Disconnected "Not100k_or_Disconnected" true true false 2 Short 0 0,First,#;OutsideBFH "OutsideBFH" true true false 2 Short 0 0,First,#;NaturalBarriers "NaturalBarriers" true true false 2 Short 0 0,First,#;PotentialSolutions "PotentialSolutions" true true false 2 Short 0 0,First,#;Label "Label" true true false 100 Text 0 0,First,#;BFH_Max_Slope "BFH_Max_Slope" true true false 8 Double 0 0,First,#;BFH_Min_Aug_Flow "BFH_Min_Aug_Flow" true true false 8 Double 0 0,First,#;Display_Flag "Display Flag" true true false 2 Short 0 0,First,#;MilesUpstreamPotential "MilesUpstreamPotential" true true false 8 Double 0 0,First,#;Mean_DS_Barrier "Mean_DS_Barrier" true true false 8 Double 0 0,First,#;PAD_Data_Vers "PAD_Data_Vers" true true false 120 Text 0 0,First,#;Modified_Notes "Modified_Notes" true true false 255 Text 0 0,First,#" # #</Process><Process ToolSource="c:\program files\arcgis\pro\Resources\ArcToolbox\toolboxes\Data Management Tools.tbx\Append" Date="20180917" Time="125006">Append WBD\WBD_HU8 "FISHPass Trace Watersheds" "Use the Field Map to reconcile schema differences" "TraceName "TraceName" true true false 50 Text 0 0,First,#,WBD\WBD_HU8,HUC8_Name,0,50;HUC_Level "HUC_Level" true true false 2 Short 0 0,First,#;BFH_Status "BFH_Status" true true false 50 Text 0 0,First,#;MapID "MapID" true true false 2 Short 0 0,First,#;FISHPass_TraceInputs "FISHPass_TraceInputs" true true false 2 Short 0 0,First,#;Not100k_or_Disconnected "Not100k_or_Disconnected" true true false 2 Short 0 0,First,#;OutsideBFH "OutsideBFH" true true false 2 Short 0 0,First,#;NaturalBarriers "NaturalBarriers" true true false 2 Short 0 0,First,#;PotentialSolutions "PotentialSolutions" true true false 2 Short 0 0,First,#;Label "Label" true true false 100 Text 0 0,First,#;BFH_Max_Slope "BFH_Max_Slope" true true false 8 Double 0 0,First,#;BFH_Min_Aug_Flow "BFH_Min_Aug_Flow" true true false 8 Double 0 0,First,#;Display_Flag "Display Flag" true true false 2 Short 0 0,First,#;MilesUpstreamPotential "MilesUpstreamPotential" true true false 8 Double 0 0,First,#;Mean_DS_Barrier "Mean_DS_Barrier" true true false 8 Double 0 0,First,#;PAD_Data_Vers "PAD_Data_Vers" true true false 120 Text 0 0,First,#;Modified_Notes "Modified_Notes" true true false 255 Text 0 0,First,#" # #</Process><Process ToolSource="c:\program files\arcgis\pro\Resources\ArcToolbox\toolboxes\Data Management Tools.tbx\Append" Date="20180918" Time="094140">Append WBD\WBD_HU8 "FISHPass Trace Watersheds" "Use the Field Map to reconcile schema differences" "TraceName "TraceName" true true false 50 Text 0 0,First,#,WBD\WBD_HU8,HUC8_Name,0,50;HUC_Level "HUC_Level" true true false 2 Short 0 0,First,#;BFH_Status "BFH_Status" true true false 50 Text 0 0,First,#;MapID "MapID" true true false 2 Short 0 0,First,#;FISHPass_TraceInputs "FISHPass_TraceInputs" true true false 2 Short 0 0,First,#;Not100k_or_Disconnected "Not100k_or_Disconnected" true true false 2 Short 0 0,First,#;OutsideBFH "OutsideBFH" true true false 2 Short 0 0,First,#;NaturalBarriers "NaturalBarriers" true true false 2 Short 0 0,First,#;PotentialSolutions "PotentialSolutions" true true false 2 Short 0 0,First,#;Label "Label" true true false 100 Text 0 0,First,#;BFH_Max_Slope "BFH_Max_Slope" true true false 8 Double 0 0,First,#;BFH_Min_Aug_Flow "BFH_Min_Aug_Flow" true true false 8 Double 0 0,First,#;Display_Flag "Display Flag" true true false 2 Short 0 0,First,#;MilesUpstreamPotential "MilesUpstreamPotential" true true false 8 Double 0 0,First,#;Mean_DS_Barrier "Mean_DS_Barrier" true true false 8 Double 0 0,First,#;PAD_Data_Vers "PAD_Data_Vers" true true false 120 Text 0 0,First,#;Modified_Notes "Modified_Notes" true true false 255 Text 0 0,First,#" # #</Process><Process ToolSource="c:\program files\arcgis\pro\Resources\ArcToolbox\toolboxes\Data Management Tools.tbx\Append" Date="20180918" Time="102027">Append tmp_N_Coast_Dissolve "FISHPass Trace Watersheds" "Use the Field Map to reconcile schema differences" "TraceName "TraceName" true true false 50 Text 0 0,First,#;HUC_Level "HUC_Level" true true false 2 Short 0 0,First,#;BFH_Status "BFH_Status" true true false 50 Text 0 0,First,#;MapID "MapID" true true false 2 Short 0 0,First,#;FISHPass_TraceInputs "FISHPass_TraceInputs" true true false 2 Short 0 0,First,#;Not100k_or_Disconnected "Not100k_or_Disconnected" true true false 2 Short 0 0,First,#;OutsideBFH "OutsideBFH" true true false 2 Short 0 0,First,#;NaturalBarriers "NaturalBarriers" true true false 2 Short 0 0,First,#;PotentialSolutions "PotentialSolutions" true true false 2 Short 0 0,First,#;Label "Label" true true false 100 Text 0 0,First,#;BFH_Max_Slope "BFH_Max_Slope" true true false 8 Double 0 0,First,#;BFH_Min_Aug_Flow "BFH_Min_Aug_Flow" true true false 8 Double 0 0,First,#;Display_Flag "Display Flag" true true false 2 Short 0 0,First,#;MilesUpstreamPotential "MilesUpstreamPotential" true true false 8 Double 0 0,First,#;Mean_DS_Barrier "Mean_DS_Barrier" true true false 8 Double 0 0,First,#;PAD_Data_Vers "PAD_Data_Vers" true true false 120 Text 0 0,First,#;Modified_Notes "Modified_Notes" true true false 255 Text 0 0,First,#" # #</Process><Process ToolSource="c:\program files\arcgis\pro\Resources\ArcToolbox\toolboxes\Data Management Tools.tbx\UpdateSchema" Date="20180918" Time="102235">UpdateSchema "CIMDATA=&lt;CIMStandardDataConnection xsi:type='typens:CIMStandardDataConnection' xmlns:xsi='http://www.w3.org/2001/XMLSchema-instance' xmlns:xs='http://www.w3.org/2001/XMLSchema' xmlns:typens='http://www.esri.com/schemas/ArcGIS/2.2.0'&gt;&lt;WorkspaceConnectionString&gt;DATABASE=D:\GIS\Projects\PAD\FISHPass\FISHPass_Data.gdb&lt;/WorkspaceConnectionString&gt;&lt;WorkspaceFactory&gt;FileGDB&lt;/WorkspaceFactory&gt;&lt;Dataset&gt;FISHPass_Trace_Watersheds_Stats&lt;/Dataset&gt;&lt;DatasetType&gt;esriDTFeatureClass&lt;/DatasetType&gt;&lt;/CIMStandardDataConnection&gt;" &lt;operationSequence&gt;&lt;workflow&gt;&lt;AddField&gt;&lt;field_name&gt;Area_Type&lt;/field_name&gt;&lt;field_type&gt;TEXT&lt;/field_type&gt;&lt;field_length&gt;80&lt;/field_length&gt;&lt;field_alias&gt;Area_Type&lt;/field_alias&gt;&lt;field_is_nullable&gt;True&lt;/field_is_nullable&gt;&lt;field_is_required&gt;False&lt;/field_is_required&gt;&lt;/AddField&gt;&lt;/workflow&gt;&lt;/operationSequence&gt;</Process><Process ToolSource="c:\program files\arcgis\pro\Resources\ArcToolbox\toolboxes\Data Management Tools.tbx\Append" Date="20180918" Time="103028">Append tmp_TraceGroup_N_Central "FISHPass Trace Watersheds" "Use the Field Map to reconcile schema differences" "TraceName "TraceName" true true false 50 Text 0 0,First,#;HUC_Level "HUC_Level" true true false 2 Short 0 0,First,#;BFH_Status "BFH_Status" true true false 50 Text 0 0,First,#;MapID "MapID" true true false 2 Short 0 0,First,#;FISHPass_TraceInputs "FISHPass_TraceInputs" true true false 2 Short 0 0,First,#;Not100k_or_Disconnected "Not100k_or_Disconnected" true true false 2 Short 0 0,First,#;OutsideBFH "OutsideBFH" true true false 2 Short 0 0,First,#;NaturalBarriers "NaturalBarriers" true true false 2 Short 0 0,First,#;PotentialSolutions "PotentialSolutions" true true false 2 Short 0 0,First,#;Label "Label" true true false 100 Text 0 0,First,#;BFH_Max_Slope "BFH_Max_Slope" true true false 8 Double 0 0,First,#;BFH_Min_Aug_Flow "BFH_Min_Aug_Flow" true true false 8 Double 0 0,First,#;Display_Flag "Display Flag" true true false 2 Short 0 0,First,#;MilesUpstreamPotential "MilesUpstreamPotential" true true false 8 Double 0 0,First,#;Mean_DS_Barrier "Mean_DS_Barrier" true true false 8 Double 0 0,First,#;PAD_Data_Vers "PAD_Data_Vers" true true false 120 Text 0 0,First,#;Modified_Notes "Modified_Notes" true true false 255 Text 0 0,First,#;Area_Type "Area_Type" true true false 80 Text 0 0,First,#" # #</Process><Process ToolSource="c:\program files\arcgis\pro\Resources\ArcToolbox\toolboxes\Data Management Tools.tbx\Append" Date="20180918" Time="103322">Append tmp_TraceGroup_SFBay "FISHPass Trace Watersheds" "Use the Field Map to reconcile schema differences" "TraceName "TraceName" true true false 50 Text 0 0,First,#;HUC_Level "HUC_Level" true true false 2 Short 0 0,First,#;BFH_Status "BFH_Status" true true false 50 Text 0 0,First,#;MapID "MapID" true true false 2 Short 0 0,First,#;FISHPass_TraceInputs "FISHPass_TraceInputs" true true false 2 Short 0 0,First,#;Not100k_or_Disconnected "Not100k_or_Disconnected" true true false 2 Short 0 0,First,#;OutsideBFH "OutsideBFH" true true false 2 Short 0 0,First,#;NaturalBarriers "NaturalBarriers" true true false 2 Short 0 0,First,#;PotentialSolutions "PotentialSolutions" true true false 2 Short 0 0,First,#;Label "Label" true true false 100 Text 0 0,First,#;BFH_Max_Slope "BFH_Max_Slope" true true false 8 Double 0 0,First,#;BFH_Min_Aug_Flow "BFH_Min_Aug_Flow" true true false 8 Double 0 0,First,#;Display_Flag "Display Flag" true true false 2 Short 0 0,First,#;MilesUpstreamPotential "MilesUpstreamPotential" true true false 8 Double 0 0,First,#;Mean_DS_Barrier "Mean_DS_Barrier" true true false 8 Double 0 0,First,#;PAD_Data_Vers "PAD_Data_Vers" true true false 120 Text 0 0,First,#;Modified_Notes "Modified_Notes" true true false 255 Text 0 0,First,#;Area_Type "Area_Type" true true false 80 Text 0 0,First,#" # #</Process><Process ToolSource="c:\program files\arcgis\pro\Resources\ArcToolbox\toolboxes\Data Management Tools.tbx\Append" Date="20180918" Time="104202">Append tmp_TraceGroup_CenCoast_Dissolve "FISHPass Trace Watersheds" "Use the Field Map to reconcile schema differences" "TraceName "TraceName" true true false 50 Text 0 0,First,#;HUC_Level "HUC_Level" true true false 2 Short 0 0,First,#;BFH_Status "BFH_Status" true true false 50 Text 0 0,First,#;MapID "MapID" true true false 2 Short 0 0,First,#;FISHPass_TraceInputs "FISHPass_TraceInputs" true true false 2 Short 0 0,First,#;Not100k_or_Disconnected "Not100k_or_Disconnected" true true false 2 Short 0 0,First,#;OutsideBFH "OutsideBFH" true true false 2 Short 0 0,First,#;NaturalBarriers "NaturalBarriers" true true false 2 Short 0 0,First,#;PotentialSolutions "PotentialSolutions" true true false 2 Short 0 0,First,#;Label "Label" true true false 100 Text 0 0,First,#;BFH_Max_Slope "BFH_Max_Slope" true true false 8 Double 0 0,First,#;BFH_Min_Aug_Flow "BFH_Min_Aug_Flow" true true false 8 Double 0 0,First,#;Display_Flag "Display Flag" true true false 2 Short 0 0,First,#;MilesUpstreamPotential "MilesUpstreamPotential" true true false 8 Double 0 0,First,#;Mean_DS_Barrier "Mean_DS_Barrier" true true false 8 Double 0 0,First,#;PAD_Data_Vers "PAD_Data_Vers" true true false 120 Text 0 0,First,#;Modified_Notes "Modified_Notes" true true false 255 Text 0 0,First,#;Area_Type "Area_Type" true true false 80 Text 0 0,First,#" # #</Process><Process ToolSource="c:\program files\arcgis\pro\Resources\ArcToolbox\toolboxes\Data Management Tools.tbx\Append" Date="20180918" Time="104534">Append tmp_TraceGroup_SBCoast_Dissolve "FISHPass Trace Watersheds" "Use the Field Map to reconcile schema differences" "TraceName "TraceName" true true false 50 Text 0 0,First,#;HUC_Level "HUC_Level" true true false 2 Short 0 0,First,#;BFH_Status "BFH_Status" true true false 50 Text 0 0,First,#;MapID "MapID" true true false 2 Short 0 0,First,#;FISHPass_TraceInputs "FISHPass_TraceInputs" true true false 2 Short 0 0,First,#;Not100k_or_Disconnected "Not100k_or_Disconnected" true true false 2 Short 0 0,First,#;OutsideBFH "OutsideBFH" true true false 2 Short 0 0,First,#;NaturalBarriers "NaturalBarriers" true true false 2 Short 0 0,First,#;PotentialSolutions "PotentialSolutions" true true false 2 Short 0 0,First,#;Label "Label" true true false 100 Text 0 0,First,#;BFH_Max_Slope "BFH_Max_Slope" true true false 8 Double 0 0,First,#;BFH_Min_Aug_Flow "BFH_Min_Aug_Flow" true true false 8 Double 0 0,First,#;Display_Flag "Display Flag" true true false 2 Short 0 0,First,#;MilesUpstreamPotential "MilesUpstreamPotential" true true false 8 Double 0 0,First,#;Mean_DS_Barrier "Mean_DS_Barrier" true true false 8 Double 0 0,First,#;PAD_Data_Vers "PAD_Data_Vers" true true false 120 Text 0 0,First,#;Modified_Notes "Modified_Notes" true true false 255 Text 0 0,First,#;Area_Type "Area_Type" true true false 80 Text 0 0,First,#" # #</Process><Process ToolSource="c:\program files\arcgis\pro\Resources\ArcToolbox\toolboxes\Data Management Tools.tbx\Append" Date="20180918" Time="105023">Append tmp_TraceGroup_S_Coast_Dissolve "FISHPass Trace Watersheds" "Use the Field Map to reconcile schema differences" "TraceName "TraceName" true true false 50 Text 0 0,First,#;HUC_Level "HUC_Level" true true false 2 Short 0 0,First,#;BFH_Status "BFH_Status" true true false 50 Text 0 0,First,#;MapID "MapID" true true false 2 Short 0 0,First,#;FISHPass_TraceInputs "FISHPass_TraceInputs" true true false 2 Short 0 0,First,#;Not100k_or_Disconnected "Not100k_or_Disconnected" true true false 2 Short 0 0,First,#;OutsideBFH "OutsideBFH" true true false 2 Short 0 0,First,#;NaturalBarriers "NaturalBarriers" true true false 2 Short 0 0,First,#;PotentialSolutions "PotentialSolutions" true true false 2 Short 0 0,First,#;Label "Label" true true false 100 Text 0 0,First,#;BFH_Max_Slope "BFH_Max_Slope" true true false 8 Double 0 0,First,#;BFH_Min_Aug_Flow "BFH_Min_Aug_Flow" true true false 8 Double 0 0,First,#;Display_Flag "Display Flag" true true false 2 Short 0 0,First,#;MilesUpstreamPotential "MilesUpstreamPotential" true true false 8 Double 0 0,First,#;Mean_DS_Barrier "Mean_DS_Barrier" true true false 8 Double 0 0,First,#;PAD_Data_Vers "PAD_Data_Vers" true true false 120 Text 0 0,First,#;Modified_Notes "Modified_Notes" true true false 255 Text 0 0,First,#;Area_Type "Area_Type" true true false 80 Text 0 0,First,#" # #</Process><Process ToolSource="c:\program files\arcgis\pro\Resources\ArcToolbox\toolboxes\Data Management Tools.tbx\CalculateField" Date="20180918" Time="110050">CalculateField "FISHPass Trace Watersheds" Area_Type "BFH Subbasin Calibration" "Python 3" #</Process><Process ToolSource="c:\program files\arcgis\pro\Resources\ArcToolbox\toolboxes\Data Management Tools.tbx\UpdateSchema" Date="20181001" Time="120659">UpdateSchema "CIMDATA=&lt;CIMStandardDataConnection xsi:type='typens:CIMStandardDataConnection' xmlns:xsi='http://www.w3.org/2001/XMLSchema-instance' xmlns:xs='http://www.w3.org/2001/XMLSchema' xmlns:typens='http://www.esri.com/schemas/ArcGIS/2.2.0'&gt;&lt;WorkspaceConnectionString&gt;DATABASE=D:\GIS\Projects\PAD\FISHPass\FISHPass_Data.gdb&lt;/WorkspaceConnectionString&gt;&lt;WorkspaceFactory&gt;FileGDB&lt;/WorkspaceFactory&gt;&lt;Dataset&gt;FISHPass_Trace_Watersheds_Stats&lt;/Dataset&gt;&lt;DatasetType&gt;esriDTFeatureClass&lt;/DatasetType&gt;&lt;/CIMStandardDataConnection&gt;" &lt;operationSequence&gt;&lt;workflow&gt;&lt;AddField&gt;&lt;field_name&gt;BFH_Calibration_Type&lt;/field_name&gt;&lt;field_type&gt;TEXT&lt;/field_type&gt;&lt;field_length&gt;40&lt;/field_length&gt;&lt;field_alias&gt;BFH_Calibration_Type&lt;/field_alias&gt;&lt;field_is_nullable&gt;True&lt;/field_is_nullable&gt;&lt;field_is_required&gt;False&lt;/field_is_required&gt;&lt;/AddField&gt;&lt;/workflow&gt;&lt;/operationSequence&gt;</Process><Process ToolSource="c:\program files (x86)\arcgis\desktop10.6\ArcToolbox\Toolboxes\Data Management Tools.tbx\Append" Date="20181015" Time="122551">Append tmp_UpperKlamathLakeWilliamson_Dissolve FISHPass_Trace_Watersheds_Stats NO_TEST "TraceName "TraceName" true true false 50 Text 0 0 ,First,#;HUC_Level "HUC_Level" true true false 2 Short 0 0 ,First,#;BFH_Status "BFH_Status" true true false 50 Text 0 0 ,First,#;MapID "MapID" true true false 2 Short 0 0 ,First,#;FISHPass_TraceInputs "FISHPass_TraceInputs" true true false 2 Short 0 0 ,First,#;Not100k_or_Disconnected "Not100k_or_Disconnected" true true false 2 Short 0 0 ,First,#;OutsideBFH "OutsideBFH" true true false 2 Short 0 0 ,First,#;NaturalBarriers "NaturalBarriers" true true false 2 Short 0 0 ,First,#;PotentialSolutions "PotentialSolutions" true true false 2 Short 0 0 ,First,#;Label "Label" true true false 100 Text 0 0 ,First,#;BFH_Max_Slope "BFH_Max_Slope" true true false 8 Double 0 0 ,First,#;BFH_Min_Aug_Flow "BFH_Min_Aug_Flow" true true false 8 Double 0 0 ,First,#;Display_Flag "Display Flag" true true false 2 Short 0 0 ,First,#;MilesUpstreamPotential "MilesUpstreamPotential" true true false 8 Double 0 0 ,First,#;Mean_DS_Barrier "Mean_DS_Barrier" true true false 8 Double 0 0 ,First,#;PAD_Data_Vers "PAD_Data_Vers" true true false 120 Text 0 0 ,First,#;Modified_Notes "Modified_Notes" true true false 255 Text 0 0 ,First,#;Shape_Length "Shape_Length" false true true 8 Double 0 0 ,First,#,tmp_UpperKlamathLakeWilliamson_Dissolve,Shape_Length,-1,-1;Shape_Area "Shape_Area" false true true 8 Double 0 0 ,First,#,tmp_UpperKlamathLakeWilliamson_Dissolve,Shape_Area,-1,-1;Area_Type "Area_Type" true true false 80 Text 0 0 ,First,#;BFH_Calibration_Type "BFH_Calibration_Type" true true false 40 Text 0 0 ,First,#" #</Process><Process ToolSource="c:\program files\arcgis\pro\Resources\ArcToolbox\toolboxes\Data Management Tools.tbx\UpdateSchema" Date="20181015" Time="145538">UpdateSchema "CIMDATA=&lt;CIMStandardDataConnection xsi:type='typens:CIMStandardDataConnection' xmlns:xsi='http://www.w3.org/2001/XMLSchema-instance' xmlns:xs='http://www.w3.org/2001/XMLSchema' xmlns:typens='http://www.esri.com/schemas/ArcGIS/2.2.0'&gt;&lt;WorkspaceConnectionString&gt;DATABASE=D:\GIS\Projects\PAD\FISHPass\FISHPass_Data.gdb&lt;/WorkspaceConnectionString&gt;&lt;WorkspaceFactory&gt;FileGDB&lt;/WorkspaceFactory&gt;&lt;Dataset&gt;FISHPass_Trace_Watersheds_Stats&lt;/Dataset&gt;&lt;DatasetType&gt;esriDTFeatureClass&lt;/DatasetType&gt;&lt;/CIMStandardDataConnection&gt;" &lt;operationSequence&gt;&lt;workflow&gt;&lt;AddField&gt;&lt;field_name&gt;FISHPass_InputData_Status&lt;/field_name&gt;&lt;field_type&gt;TEXT&lt;/field_type&gt;&lt;field_length&gt;255&lt;/field_length&gt;&lt;field_alias&gt;FISHPass_InputData_Status&lt;/field_alias&gt;&lt;field_is_nullable&gt;True&lt;/field_is_nullable&gt;&lt;field_is_required&gt;False&lt;/field_is_required&gt;&lt;/AddField&gt;&lt;/workflow&gt;&lt;/operationSequence&gt;</Process><Process ToolSource="c:\program files\arcgis\pro\Resources\ArcToolbox\toolboxes\Data Management Tools.tbx\UpdateSchema" Date="20181017" Time="100130">UpdateSchema "CIMDATA=&lt;CIMStandardDataConnection xsi:type='typens:CIMStandardDataConnection' xmlns:xsi='http://www.w3.org/2001/XMLSchema-instance' xmlns:xs='http://www.w3.org/2001/XMLSchema' xmlns:typens='http://www.esri.com/schemas/ArcGIS/2.2.0'&gt;&lt;WorkspaceConnectionString&gt;DATABASE=D:\GIS\Projects\PAD\FISHPass\FISHPass_Data.gdb&lt;/WorkspaceConnectionString&gt;&lt;WorkspaceFactory&gt;FileGDB&lt;/WorkspaceFactory&gt;&lt;Dataset&gt;FISHPass_Trace_Watersheds_Stats&lt;/Dataset&gt;&lt;DatasetType&gt;esriDTFeatureClass&lt;/DatasetType&gt;&lt;/CIMStandardDataConnection&gt;" &lt;operationSequence&gt;&lt;workflow&gt;&lt;AddField&gt;&lt;field_name&gt;Trace_Group&lt;/field_name&gt;&lt;field_type&gt;TEXT&lt;/field_type&gt;&lt;field_length&gt;100&lt;/field_length&gt;&lt;field_alias&gt;Trace_Group&lt;/field_alias&gt;&lt;field_is_nullable&gt;True&lt;/field_is_nullable&gt;&lt;field_is_required&gt;False&lt;/field_is_required&gt;&lt;/AddField&gt;&lt;/workflow&gt;&lt;/operationSequence&gt;</Process><Process ToolSource="c:\program files\arcgis\pro\Resources\ArcToolbox\toolboxes\Data Management Tools.tbx\CalculateField" Date="20181024" Time="075507">CalculateField "FISHPass Trace Watersheds (Groups)" Display_Flag 0 "Python 3" #</Process><Process ToolSource="c:\program files\arcgis\pro\Resources\ArcToolbox\toolboxes\Data Management Tools.tbx\UpdateSchema" Date="20181024" Time="075624">UpdateSchema "CIMDATA=&lt;CIMStandardDataConnection xsi:type='typens:CIMStandardDataConnection' xmlns:xsi='http://www.w3.org/2001/XMLSchema-instance' xmlns:xs='http://www.w3.org/2001/XMLSchema' xmlns:typens='http://www.esri.com/schemas/ArcGIS/2.2.0'&gt;&lt;WorkspaceConnectionString&gt;DATABASE=D:\GIS\Projects\PAD\FISHPass\FISHPass_Data.gdb&lt;/WorkspaceConnectionString&gt;&lt;WorkspaceFactory&gt;FileGDB&lt;/WorkspaceFactory&gt;&lt;Dataset&gt;FISHPass_Trace_Watersheds_Stats&lt;/Dataset&gt;&lt;DatasetType&gt;esriDTFeatureClass&lt;/DatasetType&gt;&lt;/CIMStandardDataConnection&gt;" &lt;operationSequence&gt;&lt;workflow&gt;&lt;AddField&gt;&lt;field_name&gt;BFH_Mean_Annual_Flow&lt;/field_name&gt;&lt;field_type&gt;DOUBLE&lt;/field_type&gt;&lt;field_alias&gt;BFH_Mean_Annual_Flow&lt;/field_alias&gt;&lt;field_is_nullable&gt;True&lt;/field_is_nullable&gt;&lt;field_is_required&gt;False&lt;/field_is_required&gt;&lt;/AddField&gt;&lt;/workflow&gt;&lt;/operationSequence&gt;</Process><Process ToolSource="c:\program files\arcgis\pro\Resources\ArcToolbox\toolboxes\Data Management Tools.tbx\UpdateSchema" Date="20181120" Time="100304">UpdateSchema "CIMDATA=&lt;CIMStandardDataConnection xsi:type='typens:CIMStandardDataConnection' xmlns:xsi='http://www.w3.org/2001/XMLSchema-instance' xmlns:xs='http://www.w3.org/2001/XMLSchema' xmlns:typens='http://www.esri.com/schemas/ArcGIS/2.2.0'&gt;&lt;WorkspaceConnectionString&gt;DATABASE=D:\GIS\Projects\PAD\FISHPass\FISHPass_Data.gdb&lt;/WorkspaceConnectionString&gt;&lt;WorkspaceFactory&gt;FileGDB&lt;/WorkspaceFactory&gt;&lt;Dataset&gt;FISHPass_Trace_Watersheds_Stats&lt;/Dataset&gt;&lt;DatasetType&gt;esriDTFeatureClass&lt;/DatasetType&gt;&lt;/CIMStandardDataConnection&gt;" &lt;operationSequence&gt;&lt;workflow&gt;&lt;AlterField&gt;&lt;field_name&gt;BFH_Mean_Annual_Flow&lt;/field_name&gt;&lt;new_field_name&gt;BFH_Min_MeanAnnual_Flow&lt;/new_field_name&gt;&lt;clear_field_alias&gt;False&lt;/clear_field_alias&gt;&lt;/AlterField&gt;&lt;/workflow&gt;&lt;/operationSequence&gt;</Process><Process ToolSource="c:\program files\arcgis\pro\Resources\ArcToolbox\toolboxes\Data Management Tools.tbx\Append" Date="20181120" Time="100906">Append WBD\WBD_HU8 "FISHPass Trace Watersheds (Subbasin Calibration)" "Use the Field Map to reconcile schema differences" "TraceName "TraceName" true true false 50 Text 0 0,First,#,WBD\WBD_HU8,HUC8_Name,0,50;HUC_Level "HUC_Level" true true false 2 Short 0 0,First,#;BFH_Status "BFH_Status" true true false 50 Text 0 0,First,#;MapID "MapID" true true false 2 Short 0 0,First,#;FISHPass_TraceInputs "FISHPass_TraceInputs" true true false 2 Short 0 0,First,#;Not100k_or_Disconnected "Not100k_or_Disconnected" true true false 2 Short 0 0,First,#;OutsideBFH "OutsideBFH" true true false 2 Short 0 0,First,#;NaturalBarriers "NaturalBarriers" true true false 2 Short 0 0,First,#;PotentialSolutions "PotentialSolutions" true true false 2 Short 0 0,First,#;Label "Label" true true false 100 Text 0 0,First,#;BFH_Max_Slope "BFH_Max_Slope" true true false 8 Double 0 0,First,#;BFH_Min_Aug_Flow "BFH_Min_Aug_Flow" true true false 8 Double 0 0,First,#;Display_Flag "Display Flag" true true false 2 Short 0 0,First,#;MilesUpstreamPotential "MilesUpstreamPotential" true true false 8 Double 0 0,First,#;Mean_DS_Barrier "Mean_DS_Barrier" true true false 8 Double 0 0,First,#;PAD_Data_Vers "PAD_Data_Vers" true true false 120 Text 0 0,First,#;Modified_Notes "Modified_Notes" true true false 255 Text 0 0,First,#;Area_Type "Area_Type" true true false 80 Text 0 0,First,#;BFH_Calibration_Type "BFH_Calibration_Type" true true false 40 Text 0 0,First,#;FISHPass_InputData_Status "FISHPass_InputData_Status" true true false 255 Text 0 0,First,#;Trace_Group "Trace_Group" true true false 100 Text 0 0,First,#;BFH_Min_MeanAnnual_Flow "BFH_Mean_Annual_Flow" true true false 8 Double 0 0,First,#" # #</Process><Process ToolSource="c:\program files\arcgis\pro\Resources\ArcToolbox\toolboxes\Data Management Tools.tbx\CalculateField" Date="20181120" Time="110157">CalculateField "FISHPass Trace Watersheds (Subbasin Calibration)" BFH_Min_MeanAnnual_Flow 0.872 "Python 3" #</Process><Process ToolSource="c:\program files\arcgis\pro\Resources\ArcToolbox\toolboxes\Data Management Tools.tbx\CalculateField" Date="20181120" Time="140906">CalculateField "FISHPass Trace Watersheds (Subbasin Calibration)" BFH_Calibration_Type "min mean annual flow, max reach gradient" "Python 3" #</Process><Process ToolSource="c:\program files\arcgis\pro\Resources\ArcToolbox\toolboxes\Data Management Tools.tbx\CalculateField" Date="20181120" Time="140928">CalculateField "FISHPass Trace Watersheds (Subbasin Calibration)" BFH_Calibration_Type "min mean annual flow, max reach gradient" "Python 3" #</Process><Process ToolSource="c:\program files\arcgis\pro\Resources\ArcToolbox\toolboxes\Data Management Tools.tbx\CalculateField" Date="20181120" Time="141146">CalculateField "FISHPass Trace Watersheds (Subbasin Calibration)" BFH_Calibration_Type "min mean annual flow, max reach gradient" "Python 3" #</Process><Process ToolSource="c:\program files\arcgis\pro\Resources\ArcToolbox\toolboxes\Data Management Tools.tbx\Dissolve" Date="20181121" Time="111352">Dissolve "FISHPass Trace Watersheds (Subbasin Calibration)" D:\GIS\Projects\PAD\FISHPass\FishPass_Scratch.gdb\tmp_FISHPassSubbasin_Dissolve # # SINGLE_PART DISSOLVE_LINES</Process><Process ToolSource="c:\program files\arcgis\pro\Resources\ArcToolbox\toolboxes\Data Management Tools.tbx\Merge" Date="20181121" Time="111525">Merge tmp_FISHPassSubbasin_Dissolve;tmp_FISHPassSubbasin__GroupDissolve D:\GIS\Projects\PAD\FISHPass\FishPass_Scratch.gdb\tmp_FISHPassAreasMerged "Shape_Length "Shape_Length" false true true 8 Double 0 0,First,#,tmp_FISHPassSubbasin_Dissolve,Shape_Length,-1,-1,tmp_FISHPassSubbasin__GroupDissolve,Shape_Length,-1,-1;Shape_Area "Shape_Area" false true true 8 Double 0 0,First,#,tmp_FISHPassSubbasin_Dissolve,Shape_Area,-1,-1,tmp_FISHPassSubbasin__GroupDissolve,Shape_Area,-1,-1"</Process><Process ToolSource="c:\program files\arcgis\pro\Resources\ArcToolbox\toolboxes\Data Management Tools.tbx\Dissolve" Date="20181121" Time="111942">Dissolve tmp_FISHPassAreasMerged D:\GIS\Projects\PAD\FISHPass\FishPass_Scratch.gdb\tmp_FISHPass_Areas_Dissolve # # SINGLE_PART DISSOLVE_LINES</Process><Process ToolSource="c:\program files\arcgis\pro\Resources\ArcToolbox\toolboxes\Data Management Tools.tbx\CopyFeatures" Date="20181121" Time="112346">CopyFeatures tmp_FISHPass_Areas_Dissolve D:\GIS\Projects\PAD\FISHPass\FISHPass_Data.gdb\FISHPass_Scope # # # #</Process><Process ToolSource="c:\program files\arcgis\pro\Resources\ArcToolbox\toolboxes\Analysis Tools.tbx\Erase" Date="20190103" Time="075102">Erase FISHPass_Scope tmp_Erase_FISHPass_Scope_20190102 D:\GIS\Projects\PAD\FISHPass\FISHPass_Data.gdb\FISHPass_Scope_20190103 #</Process><Process ToolSource="c:\program files\arcgis\pro\Resources\ArcToolbox\toolboxes\Analysis Tools.tbx\Erase" Date="20190103" Time="082158">Erase FISHPass_Scope_20190103 tmp_Dissolve_HUC8 D:\GIS\Projects\PAD\FISHPass\FISHPass_Data.gdb\FISHPass_Scope_20190103_B #</Process><Process ToolSource="c:\program files\arcgis\pro\Resources\ArcToolbox\toolboxes\Analysis Tools.tbx\Erase" Date="20190103" Time="082553">Erase FISHPass_Scope_20190103_B tmp_Erase_HUC8 D:\GIS\Projects\PAD\FISHPass\FISHPass_Data.gdb\FISHPass_Scope_20190103_C #</Process><Process ToolSource="c:\program files\arcgis\pro\Resources\ArcToolbox\toolboxes\Data Management Tools.tbx\CopyFeatures" Date="20190103" Time="083454">CopyFeatures FISHPass_Scope_20190103_C D:\GIS\Projects\PAD\FISHPass\FISHPass_Data.gdb\FISHPass_Scope # # # #</Process><Process ToolSource="c:\program files\arcgis\pro\Resources\ArcToolbox\toolboxes\Data Management Tools.tbx\MultipartToSinglepart" Date="20190104" Time="072732">MultipartToSinglepart "FISHPass Scope (HUC8s dissolved))" D:\GIS\Projects\PAD\FISHPass\FishPass_Scratch.gdb\tmp_FISHPass_Scope_Singlepart</Process><Process ToolSource="c:\program files\arcgis\pro\Resources\ArcToolbox\toolboxes\Data Management Tools.tbx\CopyFeatures" Date="20190104" Time="072926">CopyFeatures tmp_FISHPass_Scope_Singlepart D:\GIS\Projects\PAD\FISHPass\FISHPass_Data.gdb\FISHPass_Scope # # # #</Process><Process ToolSource="c:\program files\arcgis\pro\Resources\ArcToolbox\toolboxes\Data Management Tools.tbx\CopyFeatures" Date="20190104" Time="073055">CopyFeatures FISHPass_Scope D:\Dropbox\Dropbox\GIS\Outgoing\CFPF\FISHPass_AnalysisArea\FISHPass_Scope_20190103.shp # # # #</Process><Process Name="Project (2)" ToolSource="c:\program files\arcgis\pro\Resources\ArcToolbox\toolboxes\Data Management Tools.tbx\Project" Date="20190220" Time="124008">Project FISHPass_Scope_20190103 G:\projects\FishPass_PSMFC_2018\Deliverables\Data\GeoSelexLyrs\FISHPass_extent_complex.shp PROJCS['WGS_1984_Web_Mercator_Auxiliary_Sphere',GEOGCS['GCS_WGS_1984',DATUM['D_WGS_1984',SPHEROID['WGS_1984',6378137.0,298.257223563]],PRIMEM['Greenwich',0.0],UNIT['Degree',0.0174532925199433]],PROJECTION['Mercator_Auxiliary_Sphere'],PARAMETER['False_Easting',0.0],PARAMETER['False_Northing',0.0],PARAMETER['Central_Meridian',0.0],PARAMETER['Standard_Parallel_1',0.0],PARAMETER['Auxiliary_Sphere_Type',0.0],UNIT['Meter',1.0]] WGS_1984_(ITRF08)_To_NAD_1983_2011 PROJCS['NAD_1983_2011_California_Teale_Albers',GEOGCS['GCS_NAD_1983_2011',DATUM['D_NAD_1983_2011',SPHEROID['GRS_1980',6378137.0,298.257222101]],PRIMEM['Greenwich',0.0],UNIT['Degree',0.0174532925199433]],PROJECTION['Albers'],PARAMETER['False_Easting',0.0],PARAMETER['False_Northing',-4000000.0],PARAMETER['Central_Meridian',-120.0],PARAMETER['Standard_Parallel_1',34.0],PARAMETER['Standard_Parallel_2',40.5],PARAMETER['Latitude_Of_Origin',0.0],UNIT['Meter',1.0]] NO_PRESERVE_SHAPE # NO_VERTICAL</Process></lineage></DataProperties><SyncDate>20190104</SyncDate><SyncTime>07305500</SyncTime><ModDate>20190104</ModDate><ModTime>07305500</ModTime></Esri><dataIdInfo><envirDesc Sync="TRUE">Microsoft Windows 10 Version 10.0 (Build 17134) ; Esri ArcGIS 12.2.1.12813</envirDesc><dataLang><languageCode value="eng" Sync="TRUE"></languageCode><countryCode value="USA" Sync="TRUE"></countryCode></dataLang><idCitation><resTitle Sync="TRUE">FISHPass_Scope_20190103</resTitle><presForm><PresFormCd value="005" Sync="TRUE"></PresFormCd></presForm></idCitation><spatRpType><SpatRepTypCd value="001" Sync="TRUE"></SpatRepTypCd></spatRpType></dataIdInfo><mdLang><languageCode value="eng" Sync="TRUE"></languageCode><countryCode value="USA" Sync="TRUE"></countryCode></mdLang><distInfo><distFormat><formatName Sync="TRUE">Shapefile</formatName></distFormat><distTranOps><transSize Sync="TRUE">0.000</transSize></distTranOps></distInfo><mdHrLv><ScopeCd value="005" Sync="TRUE"></ScopeCd></mdHrLv><mdHrLvName Sync="TRUE">dataset</mdHrLvName><refSysInfo><RefSystem><refSysID><identCode code="6414" Sync="TRUE"></identCode><idCodeSpace Sync="TRUE">EPSG</idCodeSpace><idVersion Sync="TRUE">8.2.10(10.3.1)</idVersion></refSysID></RefSystem></refSysInfo><spatRepInfo><VectSpatRep><geometObjs Name="FISHPass_Scope_20190103"><geoObjTyp><GeoObjTypCd value="002" Sync="TRUE"></GeoObjTypCd></geoObjTyp><geoObjCnt Sync="TRUE">0</geoObjCnt></geometObjs><topLvl><TopoLevCd value="001" Sync="TRUE"></TopoLevCd></topLvl></VectSpatRep></spatRepInfo><spdoinfo><ptvctinf><esriterm Name="FISHPass_Scope_20190103"><efeatyp Sync="TRUE">Simple</efeatyp><efeageom code="4" Sync="TRUE"></efeageom><esritopo Sync="TRUE">FALSE</esritopo><efeacnt Sync="TRUE">0</efeacnt><spindex Sync="TRUE">FALSE</spindex><linrefer Sync="TRUE">FALSE</linrefer></esriterm></ptvctinf></spdoinfo><eainfo><detailed Name="FISHPass_Scope_20190103"><enttyp><enttypl Sync="TRUE">FISHPass_Scope_20190103</enttypl><enttypt Sync="TRUE">Feature Class</enttypt><enttypc Sync="TRUE">0</enttypc></enttyp><attr><attrlabl Sync="TRUE">FID</attrlabl><attalias Sync="TRUE">FID</attalias><attrtype Sync="TRUE">OID</attrtype><attwidth Sync="TRUE">4</attwidth><atprecis Sync="TRUE">0</atprecis><attscale Sync="TRUE">0</attscale><attrdef Sync="TRUE">Internal feature number.</attrdef><attrdefs Sync="TRUE">Esri</attrdefs><attrdomv><udom Sync="TRUE">Sequential unique whole numbers that are automatically generated.</udom></attrdomv></attr><attr><attrlabl Sync="TRUE">Shape</attrlabl><attalias Sync="TRUE">Shape</attalias><attrtype Sync="TRUE">Geometry</attrtype><attwidth Sync="TRUE">0</attwidth><atprecis Sync="TRUE">0</atprecis><attscale Sync="TRUE">0</attscale><attrdef Sync="TRUE">Feature geometry.</attrdef><attrdefs Sync="TRUE">Esri</attrdefs><attrdomv><udom Sync="TRUE">Coordinates defining the features.</udom></attrdomv></attr><attr><attrlabl Sync="TRUE">ORIG_FID</attrlabl><attalias Sync="TRUE">ORIG_FID</attalias><attrtype Sync="TRUE">Integer</attrtype><attwidth Sync="TRUE">10</attwidth><atprecis Sync="TRUE">10</atprecis><attscale Sync="TRUE">0</attscale></attr><attr><attrlabl Sync="TRUE">Shape_Leng</attrlabl><attalias Sync="TRUE">Shape_Leng</attalias><attrtype Sync="TRUE">Double</attrtype><attwidth Sync="TRUE">19</attwidth><atprecis Sync="TRUE">0</atprecis><attscale Sync="TRUE">0</attscale></attr><attr><attrlabl Sync="TRUE">Shape_Area</attrlabl><attalias Sync="TRUE">Shape_Area</attalias><attrtype Sync="TRUE">Double</attrtype><attwidth Sync="TRUE">19</attwidth><atprecis Sync="TRUE">0</atprecis><attscale Sync="TRUE">0</attscale><attrdef Sync="TRUE">Area of feature in internal units squared.</attrdef><attrdefs Sync="TRUE">Esri</attrdefs><attrdomv><udom Sync="TRUE">Positive real numbers that are automatically generated.</udom></attrdomv></attr></detailed></eainfo><mdDateSt Sync="TRUE">20190104</mdDateSt></metadata>
