BARID,REGION,FOCUS,DSID,USHAB,PREPASS,NPROJ,ACTION,COST,POSTPASS
700003,Alameda,1,NA,0.063484953683897,0.0,0,0,NA,1.0
700004,Alameda,1,700009,19.3046886989081,0.0,0,0,NA,1.0
700009,Alameda,1,719280,12.2221483744314,0.5,0,0,NA,1.0
700016,Alameda,1,700003,0.972343343135547,0.5,0,0,NA,1.0
700083,Ventura,1,713892,0.0823106896458463,0.0,0,0,NA,1.0
703864,San Joaquin,1,735124,10.6128222466284,0.5,0,0,NA,1.0
704310,Calaveras,1,704320,9.12503791905673,0.5,0,0,NA,1.0
704320,Stanislaus,1,735105,13.5980327905252,0.5,0,0,NA,1.0
704323,Calaveras,1,704310,0.630260290562277,0.5,0,0,NA,1.0
704472,San Joaquin,1,NA,0.0,0.5,0,0,NA,1.0
705073,Mendocino,1,NA,0.0,0.0,0,0,NA,
705092,Mendocino,1,NA,0.0,0.0,0,0,NA,
705093,Mendocino,1,NA,0.0,0.0,0,0,NA,
705095,Mendocino,1,NA,0.0,0.0,0,0,NA,
705101,Mendocino,1,723489,0.0,0.0,0,0,NA,
705105,Mendocino,1,707110,0.0,0.0,0,0,NA,
705106,Mendocino,1,705107,0.0,0.0,0,0,NA,
705107,Mendocino,1,NA,0.1981033918801,0.0,0,0,NA,1.0
705114,Mendocino,1,NA,25.3204659879389,0.5,0,0,NA,1.0
705119,Mendocino,1,712932,7.26962945593497,0.0,0,0,NA,1.0
705120,Mendocino,1,712930,0.0,0.0,0,0,NA,
705121,Mendocino,1,712930,0.0,0.0,0,0,NA,
705122,Mendocino,1,712930,0.0,0.0,0,0,NA,
705125,Mendocino,1,706949,0.0,0.0,0,0,NA,
705126,Mendocino,1,712922,9.95272837175133,0.5,0,0,NA,
705127,Mendocino,1,712922,0.0,0.0,0,0,NA,
705135,Mendocino,1,NA,0.0,0.0,0,0,NA,
705139,Mendocino,1,719934,1.73791037116793,0.5,0,0,NA,
705158,Santa Barbara,1,706668,0.897870034966509,0.5,0,0,NA,1.0
705188,Mendocino,1,707106,0.0,0.0,0,0,NA,
705192,Trinity,1,712922,0.0,0.0,0,0,NA,
705294,San Mateo,1,NA,0.0,0.0,0,0,NA,1.0
705649,Del Norte,1,NA,0.0,0.5,0,0,NA,1.0
705658,Ventura,1,705685,3.37565650379548,0.5,0,0,NA,1.0
705661,Ventura,1,713873,0.107070687853867,0.5,0,0,NA,1.0
705662,Ventura,1,713871,1.49185899229683,0.0,0,0,NA,1.0
705666,Ventura,1,705680,1.36368300636144,0.5,0,0,NA,1.0
705667,Ventura,1,705681,2.33242617561227,0.5,0,0,NA,1.0
705668,Ventura,1,705671,0.0885704119036594,0.0,0,0,NA,1.0
705669,Ventura,1,705670,0.710715731868099,0.0,0,0,NA,1.0
705670,Ventura,1,713873,0.916951919638066,0.0,0,0,NA,1.0
705671,Ventura,1,705669,0.0566796970897641,0.5,0,0,NA,1.0
705679,Ventura,1,NA,2.41139840408215,0.5,0,0,NA,1.0
705680,Ventura,1,705681,0.549089546970966,0.0,0,0,NA,1.0
705681,Ventura,1,705662,1.31279158084922,0.5,0,0,NA,1.0
705682,Ventura,1,NA,0.0,0.5,0,0,NA,1.0
705685,Ventura,1,713867,3.56631818663438,0.5,0,0,NA,1.0
705782,Humboldt,1,716738,1.00188936842607,0.5,0,0,NA,1.0
705783,Humboldt,1,705782,0.059998384663879,0.5,0,0,NA,1.0
705784,Humboldt,1,NA,0.0,0.0,0,0,NA,1.0
705785,Humboldt,1,NA,0.0,0.5,0,0,NA,1.0
705786,Humboldt,1,716739,0.850558941774965,0.5,0,0,NA,1.0
705788,Humboldt,1,705786,1.29517884551613,0.5,0,0,NA,1.0
705789,Humboldt,1,716739,1.03585458653013,0.5,0,0,NA,1.0
705790,Humboldt,1,716740,0.048798378067224,0.5,0,0,NA,1.0
705793,Humboldt,1,NA,0.0,0.0,0,0,NA,1.0
705803,Humboldt,1,NA,0.0,0.5,0,0,NA,1.0
705804,Humboldt,1,NA,0.0,0.5,0,0,NA,1.0
705807,Humboldt,1,NA,0.676679164114376,0.5,0,0,NA,1.0
705808,Humboldt,1,705807,1.36946792125341,0.5,0,0,NA,1.0
705810,Humboldt,1,NA,3.40719022689584,0.5,0,0,NA,1.0
705813,Humboldt,1,730751,3.45769423232383,0.5,0,0,NA,1.0
705814,Humboldt,1,705813,1.10765383338348,0.5,0,0,NA,1.0
705815,Humboldt,1,715540,0.381434059460257,0.5,0,0,NA,1.0
705817,Humboldt,1,705820,1.01886228795781,0.5,0,0,NA,1.0
705818,Humboldt,1,NA,0.891433589017925,0.0,0,0,NA,1.0
705819,Humboldt,1,705817,1.76872936831748,0.5,0,0,NA,1.0
705820,Humboldt,1,715539,1.51631017243074,0.5,0,0,NA,1.0
705821,Humboldt,1,705818,2.14430520157928,0.5,0,0,NA,1.0
705822,Humboldt,1,705823,1.51325721764379,0.5,0,0,NA,1.0
705823,Humboldt,1,NA,0.0532569732535764,0.5,0,0,NA,1.0
705824,Humboldt,1,705822,2.86492809142053,0.5,0,0,NA,1.0
705825,Humboldt,1,716744,1.71157119726919,0.5,0,0,NA,1.0
705826,Humboldt,1,NA,1.96083550931718,0.5,0,0,NA,1.0
705827,Humboldt,1,NA,1.12719838208915,0.5,0,0,NA,1.0
705828,Humboldt,1,NA,0.0,0.5,0,0,NA,1.0
705829,Humboldt,1,NA,0.0,0.5,0,0,NA,1.0
705833,Humboldt,1,NA,0.0,0.0,0,0,NA,1.0
705838,Humboldt,1,NA,0.524894426866303,0.5,0,0,NA,1.0
705840,Humboldt,1,NA,1.35117855992811,0.0,0,0,NA,1.0
712474,Ventura,1,712472,1.3157329727534,0.0,0,0,NA,1.0
712982,Humboldt,1,NA,0.0,0.0,0,0,NA,1.0
705841,Humboldt,1,NA,1.56595965915161,0.5,0,0,NA,1.0
716384,Ventura,1,700083,5.03311103946628,0.0,0,0,NA,1.0
705843,Humboldt,1,NA,1.3640075486144,0.5,0,0,NA,1.0
736850,Humboldt,1,NA,2.695377458803,0.5,0,0,NA,1.0
705848,Humboldt,1,NA,0.0,0.5,0,0,NA,1.0
736810,Humboldt,1,NA,1.41538504205919,0.0,0,0,NA,1.0
705850,Del Norte,1,NA,0.504394661727564,0.5,0,0,NA,1.0
705851,Del Norte,1,NA,0.0,0.5,0,0,NA,1.0
705852,Del Norte,1,NA,0.642001289409802,0.5,0,0,NA,1.0
705853,Del Norte,1,NA,0.0,0.5,0,0,NA,1.0
705858,Del Norte,1,NA,0.0,0.5,0,0,NA,1.0
705859,Del Norte,1,NA,0.0,0.5,0,0,NA,1.0
705860,Del Norte,1,NA,1.21915336722923,0.0,0,0,NA,1.0
705863,Del Norte,1,NA,0.0,0.5,0,0,NA,1.0
705864,Del Norte,1,NA,0.0,0.5,0,0,NA,1.0
705865,Del Norte,1,NA,0.0,0.5,0,0,NA,1.0
705866,Del Norte,1,NA,0.0,0.5,0,0,NA,1.0
705867,Del Norte,1,NA,0.0,0.0,0,0,NA,1.0
705869,Del Norte,1,NA,0.0,0.5,0,0,NA,1.0
705870,Del Norte,1,NA,0.0,0.5,0,0,NA,1.0
705871,Del Norte,1,NA,0.0,0.5,0,0,NA,1.0
705875,Del Norte,1,707135,2.29183980791314,0.5,0,0,NA,1.0
705876,Del Norte,1,NA,0.0,0.0,0,0,NA,1.0
705897,Mendocino,1,NA,1.29863458793616,0.5,0,0,NA,1.0
705898,Mendocino,1,NA,0.0,0.5,0,0,NA,1.0
705900,Mendocino,1,NA,0.656855239854953,0.5,0,0,NA,1.0
705901,Mendocino,1,NA,1.50927575962806,0.5,0,0,NA,1.0
705902,Mendocino,1,NA,1.44362664917237,0.5,0,0,NA,1.0
705920,Siskiyou,1,NA,4.37158792438135,0.5,0,0,NA,1.0
705921,Siskiyou,1,NA,0.0,0.0,0,0,NA,1.0
705922,Siskiyou,1,NA,1.71422125502774,0.0,0,0,NA,1.0
705923,Siskiyou,1,NA,0.0,0.0,0,0,NA,1.0
705924,Siskiyou,1,736799,0.830161046370218,0.5,0,0,NA,1.0
705925,Siskiyou,1,NA,6.74009711428133,0.0,0,0,NA,1.0
705935,Siskiyou,1,NA,3.26030422254361,0.5,0,0,NA,1.0
705936,Siskiyou,1,705935,1.68461668566609,0.0,0,0,NA,1.0
705986,Trinity,1,NA,0.0,0.0,0,0,NA,1.0
705987,Trinity,1,NA,0.0,0.0,0,0,NA,1.0
705988,Trinity,1,NA,0.0884255347835612,0.0,0,0,NA,1.0
705989,Trinity,1,NA,1.56168325475329,0.0,0,0,NA,1.0
705990,Trinity,1,715024,2.41107157668324,0.0,0,0,NA,1.0
705991,Trinity,1,758027,1.22686237677997,0.0,0,0,NA,1.0
706249,Santa Barbara,1,706512,0.360438105411292,0.5,0,0,NA,
706250,Santa Barbara,1,707371,0.0318208730099599,0.5,0,0,NA,1.0
706251,Santa Barbara,1,706523,0.0246439321478561,0.5,0,0,NA,1.0
706252,Santa Barbara,1,706530,0.126405799221967,0.5,0,0,NA,1.0
706253,Santa Barbara,1,706252,0.311897729055112,0.0,0,0,NA,1.0
706254,Santa Barbara,1,706253,0.0,0.0,0,0,NA,
706255,Santa Barbara,1,NA,0.0,0.0,0,0,NA,
706256,Santa Barbara,1,706558,0.499796715664173,0.5,0,0,NA,
706257,Santa Barbara,1,707377,0.0,0.0,0,0,NA,
706258,Santa Barbara,1,706572,0.154085409662305,0.0,0,0,NA,1.0
706259,Santa Barbara,1,706258,0.112989024726431,0.0,0,0,NA,1.0
706260,Santa Barbara,1,NA,0.0,0.0,0,0,NA,
706386,Santa Barbara,1,NA,0.979098594870266,0.5,0,0,NA,1.0
706387,Santa Barbara,1,707408,0.0235399757243194,0.5,0,0,NA,1.0
706388,Santa Barbara,1,707409,0.479758865945956,0.0,0,0,NA,1.0
706389,Santa Barbara,1,706388,1.59657003622238,0.5,0,0,NA,
706390,Santa Barbara,1,706389,0.504573193764827,0.5,0,0,NA,1.0
706391,Santa Barbara,1,706390,0.0,0.0,0,0,NA,
706393,Santa Barbara,1,NA,0.0,0.0,0,0,NA,
706395,Santa Barbara,1,NA,0.0,0.0,0,0,NA,
706396,Santa Barbara,1,705158,0.0827318271080417,0.5,0,0,NA,1.0
706397,Santa Barbara,1,706396,0.0515691772085035,0.5,0,0,NA,1.0
706398,Santa Barbara,1,706397,4.32143224785601,0.5,0,0,NA,1.0
706402,Santa Barbara,1,706398,0.0,0.0,0,0,NA,
706403,Santa Barbara,1,NA,0.0,0.0,0,0,NA,
706404,Santa Barbara,1,707414,0.0,0.0,0,0,NA,
706406,Santa Barbara,1,NA,0.0,0.0,0,0,NA,
706407,Santa Barbara,1,NA,0.0,0.0,0,0,NA,
706408,Santa Barbara,1,NA,0.0,0.0,0,0,NA,
706412,Santa Barbara,1,707408,0.0,0.0,0,0,NA,
706414,Santa Barbara,1,NA,0.0,0.0,0,0,NA,
706415,Santa Barbara,1,NA,0.0,0.0,0,0,NA,
706416,Santa Barbara,1,NA,0.0,0.0,0,0,NA,
706417,Santa Barbara,1,NA,0.0,0.0,0,0,NA,
706502,Santa Barbara,1,NA,0.0675301472694699,0.5,0,0,NA,1.0
706505,Santa Barbara,1,707370,0.366712769201688,0.5,0,0,NA,1.0
706508,Santa Barbara,1,706505,0.405623006356946,0.5,0,0,NA,
706509,Santa Barbara,1,706508,0.0173319181475229,0.0,0,0,NA,1.0
706510,Santa Barbara,1,706509,0.433073756904478,0.0,0,0,NA,1.0
706511,Santa Barbara,1,706510,0.0201534334945942,0.5,0,0,NA,
706512,Santa Barbara,1,706511,0.0,0.0,0,0,NA,
706513,Santa Barbara,1,706249,0.337704348742227,0.5,0,0,NA,
706514,Santa Barbara,1,706250,0.0341348343506773,0.5,0,0,NA,1.0
706515,Santa Barbara,1,706514,0.0211346811696114,0.5,0,0,NA,1.0
706516,Santa Barbara,1,706515,0.0657067180023926,0.5,0,0,NA,1.0
706517,Santa Barbara,1,706516,0.0283989740103528,0.5,0,0,NA,1.0
706518,Santa Barbara,1,706517,0.0458769436816541,0.5,0,0,NA,1.0
706519,Santa Barbara,1,706518,0.043339684197869,0.5,0,0,NA,1.0
706520,Santa Barbara,1,706519,0.117078014303664,0.5,0,0,NA,1.0
706521,Santa Barbara,1,706520,0.0217782858168987,0.5,0,0,NA,1.0
706522,Santa Barbara,1,706521,0.022866047460831,0.5,0,0,NA,1.0
706523,Santa Barbara,1,706522,0.0696239551947246,0.5,0,0,NA,1.0
706524,Santa Barbara,1,707372,0.00888103986036721,0.5,0,0,NA,1.0
706525,Santa Barbara,1,706524,0.0172691869381838,0.5,0,0,NA,1.0
706526,Santa Barbara,1,706525,0.0397955406743785,0.5,0,0,NA,1.0
706527,Santa Barbara,1,706526,0.268235044998766,0.5,0,0,NA,1.0
706528,Santa Barbara,1,706527,2.73026649654983,0.5,0,0,NA,1.0
706529,Santa Barbara,1,706528,0.283030045661388,0.5,0,0,NA,1.0
706530,Santa Barbara,1,706529,0.284815176112949,0.0,0,0,NA,1.0
706531,Santa Barbara,1,706254,0.0,0.0,0,0,NA,
706532,Santa Barbara,1,706253,0.0,0.0,0,0,NA,
706533,Santa Barbara,1,707373,0.0119217738458081,0.5,0,0,NA,1.0
706534,Santa Barbara,1,706533,1.93991232964622,0.5,0,0,NA,1.0
706536,Santa Barbara,1,706534,0.0955350140384583,0.5,0,0,NA,1.0
706537,Santa Barbara,1,706536,0.506187714170819,0.5,0,0,NA,1.0
706538,Santa Barbara,1,706537,0.135040236165503,0.5,0,0,NA,1.0
706539,Santa Barbara,1,706538,0.284262457683551,0.5,0,0,NA,
706540,Santa Barbara,1,706539,0.0909805476285094,0.5,0,0,NA,1.0
706541,Santa Barbara,1,706540,0.395549545875702,0.5,0,0,NA,1.0
706542,Santa Barbara,1,706541,0.268959070855937,0.0,0,0,NA,1.0
706543,Santa Barbara,1,706542,0.0690828116661872,0.5,0,0,NA,1.0
706544,Santa Barbara,1,706543,0.0442664511199163,0.5,0,0,NA,1.0
706545,Santa Barbara,1,706544,0.0376528064361059,0.5,0,0,NA,1.0
706546,Santa Barbara,1,706545,0.0,0.0,0,0,NA,
706547,Santa Barbara,1,NA,0.0,0.0,0,0,NA,
706548,Santa Barbara,1,NA,0.0,0.0,0,0,NA,
706549,Santa Barbara,1,NA,0.0,0.0,0,0,NA,
706550,Santa Barbara,1,706538,0.310105668189245,0.5,0,0,NA,1.0
706551,Santa Barbara,1,706550,0.216780188993482,0.0,0,0,NA,1.0
706552,Santa Barbara,1,706551,0.316412842725427,0.5,0,0,NA,1.0
706553,Santa Barbara,1,706552,0.33392896461616,0.5,0,0,NA,1.0
706554,Santa Barbara,1,706553,0.0801647524880669,0.0,0,0,NA,1.0
706555,Santa Barbara,1,706554,0.160616061839548,0.0,0,0,NA,1.0
706556,Santa Barbara,1,706555,0.133325743235907,0.0,0,0,NA,1.0
706557,Santa Barbara,1,706556,0.100288188964236,0.5,0,0,NA,
706558,Santa Barbara,1,706557,0.0517282978669405,0.0,0,0,NA,1.0
706559,Santa Barbara,1,706256,0.0228680546628718,0.5,0,0,NA,
706560,Santa Barbara,1,706559,0.0,0.0,0,0,NA,
706561,Santa Barbara,1,706560,0.0,0.0,0,0,NA,
706562,Santa Barbara,1,NA,0.0,0.0,0,0,NA,1.0
706563,Santa Barbara,1,NA,0.322411196644089,0.5,0,0,NA,1.0
706564,Santa Barbara,1,706563,1.19725235183839,0.0,0,0,NA,1.0
706565,Santa Barbara,1,706564,0.249200960048381,0.0,0,0,NA,1.0
706566,Santa Barbara,1,706565,0.0621084709739801,0.5,0,0,NA,1.0
706567,Santa Barbara,1,706566,0.125153963000868,0.5,0,0,NA,1.0
706568,Santa Barbara,1,706567,0.245645749171114,0.0,0,0,NA,1.0
706569,Santa Barbara,1,706568,0.0146150549716678,0.5,0,0,NA,1.0
706570,Santa Barbara,1,706569,0.0323997535149561,0.5,0,0,NA,1.0
706571,Santa Barbara,1,706570,0.141929438839613,0.0,0,0,NA,1.0
706572,Santa Barbara,1,707377,0.148417718696699,0.0,0,0,NA,1.0
706573,Santa Barbara,1,706259,0.192893199550446,0.5,0,0,NA,1.0
706574,Santa Barbara,1,706573,0.00948911308231392,0.5,0,0,NA,1.0
706575,Santa Barbara,1,706574,0.0203479354611268,0.5,0,0,NA,1.0
706576,Santa Barbara,1,706575,0.013604790075466,0.5,0,0,NA,1.0
706577,Santa Barbara,1,706576,0.00585136458607177,0.5,0,0,NA,1.0
706578,Santa Barbara,1,706577,0.867591642456033,0.5,0,0,NA,1.0
706579,Santa Barbara,1,NA,0.0,0.5,0,0,NA,1.0
706580,Santa Barbara,1,706578,0.588664488853776,0.0,0,0,NA,1.0
706581,Santa Barbara,1,706580,1.89646045128601,0.5,0,0,NA,1.0
706582,Santa Barbara,1,706581,0.39500835613823,0.5,0,0,NA,1.0
706583,Santa Barbara,1,706582,0.0,0.0,0,0,NA,
706584,Santa Barbara,1,NA,0.0,0.0,0,0,NA,
706655,Santa Barbara,1,NA,0.0,0.5,0,0,NA,1.0
706656,Santa Barbara,1,NA,0.0,0.5,0,0,NA,1.0
706657,Santa Barbara,1,NA,0.0,0.5,0,0,NA,1.0
706658,Santa Barbara,1,NA,0.0,0.5,0,0,NA,1.0
706659,Santa Barbara,1,NA,0.0,0.5,0,0,NA,1.0
706660,Santa Barbara,1,NA,0.0,0.5,0,0,NA,1.0
706661,Santa Barbara,1,NA,0.0,0.5,0,0,NA,1.0
706663,Santa Barbara,1,706661,0.0526558371433836,0.5,0,0,NA,1.0
706664,Santa Barbara,1,706663,0.0223305613164423,0.5,0,0,NA,1.0
706665,Santa Barbara,1,NA,0.0,0.5,0,0,NA,1.0
706666,Santa Barbara,1,NA,0.0,0.5,0,0,NA,1.0
706667,Santa Barbara,1,706666,0.0473581460773099,0.5,0,0,NA,1.0
706668,Santa Barbara,1,706667,0.22508115180927,0.5,0,0,NA,1.0
706670,Santa Barbara,1,706513,0.0,0.0,0,0,NA,
706715,San Mateo,1,716865,1.55157432287309,0.5,0,0,NA,1.0
706716,San Mateo,1,706907,8.33816358737845,0.5,0,0,NA,
706717,San Mateo,1,716864,7.22489182895681,0.5,0,0,NA,1.0
706718,San Mateo,1,706717,0.0,0.0,0,0,NA,
706719,San Mateo,1,706717,0.364270543340556,0.0,0,0,NA,1.0
706720,San Mateo,1,706719,0.681274781579305,0.0,0,0,NA,1.0
706721,San Mateo,1,716864,4.09225224614256,0.5,0,0,NA,1.0
706722,San Mateo,1,716864,0.0,0.0,0,0,NA,
706723,Santa Cruz,1,NA,0.0,0.0,0,0,NA,
706724,San Mateo,1,NA,0.70128026060054,0.5,0,0,NA,
706725,San Mateo,1,716850,0.0,0.0,0,0,NA,
706726,San Mateo,1,NA,0.0,0.0,0,0,NA,1.0
706907,San Mateo,1,716864,0.086542598409926,0.5,0,0,NA,1.0
706949,Mendocino,1,NA,54.1133682333261,0.5,0,0,NA,
706950,Mendocino,1,NA,8.78494354514418,0.5,0,0,NA,
706951,Mendocino,1,NA,3.78295737747308,0.5,0,0,NA,
706969,Mendocino,1,NA,1.74720161172986,0.0,0,0,NA,1.0
706984,Mendocino,1,NA,2.81356275524307,0.5,0,0,NA,1.0
706989,Mendocino,1,712906,0.397578651859543,0.5,0,0,NA,1.0
706992,Mendocino,1,NA,1.37899364438401,0.5,0,0,NA,1.0
706995,Mendocino,1,NA,3.55199909666185,0.5,0,0,NA,1.0
707078,Mendocino,1,NA,0.0,0.5,0,0,NA,1.0
707085,Mendocino,1,NA,1.01435746566384,0.5,0,0,NA,1.0
707088,Mendocino,1,NA,2.43425299530759,0.0,0,0,NA,1.0
707089,Mendocino,1,NA,4.87007145940815,0.5,0,0,NA,1.0
707090,Mendocino,1,NA,18.5830661075574,0.5,0,0,NA,1.0
707091,Mendocino,1,707090,0.24244597627696,0.5,0,0,NA,1.0
707092,Mendocino,1,707091,4.47718879290995,0.5,0,0,NA,1.0
707094,Mendocino,1,707092,7.13237529657943,0.5,0,0,NA,1.0
707095,Mendocino,1,707094,7.66898264429251,0.5,0,0,NA,1.0
707096,Mendocino,1,NA,5.79129204156898,0.5,0,0,NA,1.0
707097,Mendocino,1,NA,2.93599888647778,0.5,0,0,NA,1.0
707099,Mendocino,1,NA,1.00950293873366,0.0,0,0,NA,1.0
707100,Mendocino,1,707102,1.34466098578585,0.0,0,0,NA,1.0
707102,Mendocino,1,707103,4.31551689068851,0.5,0,0,NA,1.0
707103,Mendocino,1,715526,0.882523234029916,0.5,0,0,NA,1.0
707105,Mendocino,1,715526,1.91620104207494,0.0,0,0,NA,1.0
707106,Mendocino,1,715526,0.740394436014268,0.0,0,0,NA,1.0
707107,Mendocino,1,715526,2.80036277638873,0.0,0,0,NA,1.0
707110,Mendocino,1,NA,0.254022763138947,0.0,0,0,NA,1.0
707112,Mendocino,1,NA,0.0,0.0,0,0,NA,1.0
707128,Humboldt,1,NA,0.0,0.5,0,0,NA,1.0
707129,Humboldt,1,NA,2.36999680429234,0.0,0,0,NA,1.0
707133,Del Norte,1,721148,0.268897975619716,0.5,0,0,NA,1.0
707134,Del Norte,1,721903,1.09385417225851,0.5,0,0,NA,1.0
707135,Del Norte,1,759947,0.526419258563613,0.5,0,0,NA,1.0
707136,Del Norte,1,NA,0.00298473529395991,0.5,0,0,NA,1.0
707137,Del Norte,1,NA,1.30806583114563,0.5,0,0,NA,1.0
707139,Del Norte,1,NA,0.0,0.5,0,0,NA,1.0
707144,Del Norte,1,NA,2.41624896596262,0.0,0,0,NA,1.0
707148,Siskiyou,1,736803,5.56353218808943,0.5,0,0,NA,1.0
707157,Humboldt,1,NA,3.66010931278594,0.5,0,0,NA,1.0
707158,Humboldt,1,NA,1.08377803663534,0.0,0,0,NA,1.0
707159,Humboldt,1,736753,0.0417619354967958,0.0,0,0,NA,1.0
707160,Humboldt,1,715524,1.26125129148727,0.5,0,0,NA,1.0
707370,Santa Barbara,1,706502,1.39768439372825,0.5,0,0,NA,1.0
707371,Santa Barbara,1,NA,0.468772608552081,0.5,0,0,NA,1.0
707372,Santa Barbara,1,706251,0.538494162811685,0.5,0,0,NA,1.0
707373,Santa Barbara,1,NA,1.81286105585544,0.5,0,0,NA,1.0
707376,Santa Barbara,1,706571,0.0929966422223883,0.0,0,0,NA,1.0
707377,Santa Barbara,1,707376,2.90995473681064,0.0,0,0,NA,1.0
707408,Santa Barbara,1,705158,7.04806812035033,0.5,0,0,NA,1.0
707409,Santa Barbara,1,706387,0.793044367502359,0.5,0,0,NA,1.0
707414,Santa Barbara,1,705158,0.66229652089554,0.0,0,0,NA,1.0
707459,Siskiyou,1,NA,0.0,0.0,0,0,NA,1.0
707463,Siskiyou,1,705920,1.11585766566006,0.5,0,0,NA,1.0
707474,Siskiyou,1,737366,2.5158374906992,0.0,0,0,NA,1.0
707482,Siskiyou,1,707484,1.61824490148952,0.0,0,0,NA,1.0
707484,Siskiyou,1,716016,1.49892351993187,0.5,0,0,NA,1.0
707490,Siskiyou,1,NA,0.0,0.0,0,0,NA,1.0
707496,Siskiyou,1,736799,1.76004498115977,0.5,0,0,NA,1.0
707501,Siskiyou,1,736803,1.79772942322225,0.5,0,0,NA,1.0
707502,Siskiyou,1,736799,1.4685322645401,0.0,0,0,NA,1.0
707511,Siskiyou,1,NA,0.0,0.0,0,0,NA,1.0
707514,Siskiyou,1,716016,3.70862960128261,0.0,0,0,NA,1.0
707517,Siskiyou,1,NA,0.0,0.5,0,0,NA,1.0
707518,Siskiyou,1,716016,1.97525761179959,0.5,0,0,NA,1.0
707543,Siskiyou,1,707570,2.51153203434883,0.0,0,0,NA,1.0
707570,Siskiyou,1,736803,0.0160725101410887,0.5,0,0,NA,1.0
707579,Siskiyou,1,716016,0.99641884547632,0.0,0,0,NA,1.0
707581,Siskiyou,1,713401,2.10003909206033,0.0,0,0,NA,1.0
707652,Ventura,1,737363,0.0324484845474013,0.5,0,0,NA,1.0
707663,Ventura,1,707652,1.86409360341285,0.5,0,0,NA,1.0
707666,Ventura,1,737363,1.57158172815566,0.0,0,0,NA,1.0
707677,Mendocino,1,712918,0.0,0.0,0,0,NA,1.0
707678,Mendocino,1,NA,0.0,0.0,0,0,NA,1.0
707679,Glenn,1,NA,0.0,0.0,0,0,NA,1.0
707683,Mendocino,1,705126,0.779093289489829,0.0,0,0,NA,1.0
707684,Mendocino,1,705126,4.63257462926183,0.0,0,0,NA,1.0
707689,Mendocino,1,NA,0.0,0.0,0,0,NA,1.0
707868,Del Norte,1,NA,1.53917141377734,0.5,0,0,NA,1.0
707872,Del Norte,1,NA,0.0521071194739109,0.5,0,0,NA,1.0
707875,Del Norte,1,NA,0.0,0.5,0,0,NA,1.0
707888,Trinity,1,707893,0.0,0.5,0,0,NA,1.0
707891,Del Norte,1,NA,0.430010193375158,0.5,0,0,NA,1.0
707893,Trinity,1,715334,0.0,0.5,0,0,NA,1.0
707894,Trinity,1,715444,8.99330722771109,0.5,0,0,NA,1.0
707900,Del Norte,1,NA,7.37159942801825,0.5,0,0,NA,1.0
707905,Del Norte,1,NA,0.0,0.0,0,0,NA,1.0
711881,Humboldt,1,NA,2.08368255233141,0.5,0,0,NA,1.0
711882,Humboldt,1,NA,6.16374418867725,0.5,0,0,NA,1.0
711883,Humboldt,1,NA,11.2352379492641,0.5,0,0,NA,1.0
711884,Humboldt,1,NA,0.0653524142098786,0.5,0,0,NA,1.0
711885,Mendocino,1,NA,4.80652904683319,0.5,0,0,NA,1.0
711899,Siskiyou,1,716016,7.66035640740591,0.0,0,0,NA,1.0
711922,Siskiyou,1,NA,8.97733436390138,0.5,0,0,NA,1.0
711926,Siskiyou,1,711922,0.250285721812641,0.5,0,0,NA,1.0
711956,Humboldt,1,NA,2.78502951500745,0.0,0,0,NA,1.0
711957,Humboldt,1,NA,3.07455527669185,0.0,0,0,NA,1.0
711960,Humboldt,1,NA,2.07801587427747,0.5,0,0,NA,1.0
711964,Humboldt,1,NA,0.0,0.5,0,0,NA,1.0
711992,Humboldt,1,NA,0.107202400416909,0.5,0,0,NA,1.0
712011,Humboldt,1,NA,0.0,0.5,0,0,NA,1.0
712013,Humboldt,1,NA,0.0,0.0,0,0,NA,
712014,Humboldt,1,758565,2.3257427022689,0.5,0,0,NA,1.0
712017,Humboldt,1,715449,0.205465890322763,0.5,0,0,NA,
712018,Humboldt,1,712017,2.67641437378566,0.5,0,0,NA,
712021,Shasta,1,759000,19.9741303387992,0.5,0,0,NA,
712022,Shasta,1,737403,0.0,0.0,0,0,NA,
712023,Shasta,1,758239,12.3984115723422,0.5,0,0,NA,
712350,San Mateo,1,NA,3.18754230609945,0.5,0,0,NA,1.0
712351,San Mateo,1,716870,0.144055942532339,0.0,0,0,NA,1.0
712352,San Mateo,1,716867,0.196068516634194,0.0,0,0,NA,1.0
712354,San Mateo,1,NA,0.0,0.0,0,0,NA,1.0
712355,San Mateo,1,NA,0.0,0.0,0,0,NA,1.0
712356,San Mateo,1,716864,2.22965223287869,0.0,0,0,NA,1.0
712388,San Mateo,1,712389,0.0,0.0,0,0,NA,
712389,San Mateo,1,712351,0.560253380684854,0.0,0,0,NA,1.0
712391,San Mateo,1,712352,1.05327619299834,0.0,0,0,NA,1.0
712392,San Mateo,1,706715,0.0,0.0,0,0,NA,
712436,Humboldt,1,NA,0.0818041179406457,0.5,0,0,NA,
712437,Humboldt,1,712436,1.11462994763255,0.5,0,0,NA,1.0
712441,Humboldt,1,NA,0.0,0.0,0,0,NA,
712453,Ventura,1,NA,0.0,0.0,0,0,NA,1.0
712454,Ventura,1,NA,0.0,0.0,0,0,NA,1.0
712456,Ventura,1,NA,0.0,0.0,0,0,NA,1.0
712469,Ventura,1,705658,0.529168429146106,0.0,0,0,NA,1.0
712471,Ventura,1,712469,0.0438824781289528,0.0,0,0,NA,1.0
712472,Ventura,1,712471,0.143272750091883,0.0,0,0,NA,1.0
712478,Ventura,1,705658,0.527517096654546,0.0,0,0,NA,1.0
712479,Ventura,1,712478,0.298774999828912,0.0,0,0,NA,1.0
712492,Ventura,1,NA,0.0,0.0,0,0,NA,1.0
712508,Ventura,1,NA,0.0,0.0,0,0,NA,1.0
712810,Trinity,1,717742,0.0,0.0,0,0,NA,
712811,Trinity,1,717742,0.0,0.0,0,0,NA,
712812,Mendocino,1,712922,0.0,0.0,0,0,NA,
712822,Mendocino,1,758555,0.342767334245847,0.5,0,0,NA,1.0
712844,Mendocino,1,713364,0.68162358880143,0.5,0,0,NA,
737409,Shasta,1,737408,0.174011471407787,0.5,0,0,NA,
712845,Mendocino,1,712846,0.0,0.0,0,0,NA,
712846,Mendocino,1,706951,0.0,0.0,0,0,NA,
712847,Mendocino,1,NA,0.850971098451564,0.5,0,0,NA,1.0
712848,Mendocino,1,712847,7.34102332322949,0.5,0,0,NA,1.0
712849,Mendocino,1,NA,0.0,0.0,0,0,NA,
712850,Mendocino,1,NA,0.0,0.0,0,0,NA,
712851,Mendocino,1,NA,0.0,0.0,0,0,NA,
712853,Mendocino,1,737364,0.0,0.0,0,0,NA,
712854,Mendocino,1,707107,0.0,0.0,0,0,NA,
712855,Mendocino,1,707103,0.287672354467107,0.0,0,0,NA,1.0
712892,Mendocino,1,712893,4.01455060118018,0.5,0,0,NA,
712893,Mendocino,1,764902,3.32568334828379,0.5,0,0,NA,
712894,Mendocino,1,758555,2.37128367828149,0.0,0,0,NA,1.0
712895,Mendocino,1,735069,0.0,0.0,0,0,NA,
712896,Mendocino,1,NA,0.0,0.0,0,0,NA,
712897,Mendocino,1,712901,0.142001090246109,0.5,0,0,NA,1.0
712898,Mendocino,1,712902,0.161282729811733,0.5,0,0,NA,1.0
712899,Mendocino,1,712903,0.088214961077826,0.5,0,0,NA,1.0
712900,Mendocino,1,712904,0.0565405419333615,0.5,0,0,NA,1.0
712901,Mendocino,1,NA,0.0865373517240115,0.5,0,0,NA,1.0
712902,Mendocino,1,712897,2.36016265898853,0.5,0,0,NA,1.0
712903,Mendocino,1,712898,0.131530582238863,0.5,0,0,NA,1.0
712904,Mendocino,1,712899,0.0913190454093061,0.5,0,0,NA,1.0
712905,Mendocino,1,712900,5.58741734190412,0.5,0,0,NA,1.0
712906,Mendocino,1,NA,1.30972329223348,0.5,0,0,NA,1.0
712909,Mendocino,1,NA,0.0,0.0,0,0,NA,
712910,Mendocino,1,NA,0.0,0.0,0,0,NA,
712911,Mendocino,1,NA,0.0,0.0,0,0,NA,
712912,Mendocino,1,NA,0.0,0.0,0,0,NA,
712914,Mendocino,1,706949,0.0,0.0,0,0,NA,
712915,Mendocino,1,706949,0.0,0.0,0,0,NA,
712916,Mendocino,1,706949,0.0,0.0,0,0,NA,
712917,Mendocino,1,706949,0.0,0.0,0,0,NA,
712918,Mendocino,1,712919,0.0,0.0,0,0,NA,
712919,Mendocino,1,NA,0.0,0.0,0,0,NA,
712920,Mendocino,1,NA,0.0,0.0,0,0,NA,
712921,Mendocino,1,NA,0.0,0.0,0,0,NA,
712922,Mendocino,1,NA,22.4071147032011,0.5,0,0,NA,
712923,Mendocino,1,712922,0.0,0.0,0,0,NA,
712924,Mendocino,1,NA,0.0,0.0,0,0,NA,
712925,Mendocino,1,705126,0.0,0.0,0,0,NA,
712926,Mendocino,1,712922,0.0,0.0,0,0,NA,
712927,Mendocino,1,715027,0.0,0.0,0,0,NA,
712930,Mendocino,1,NA,13.5704582201169,0.5,0,0,NA,1.0
712931,Mendocino,1,NA,13.9503999766853,0.5,0,0,NA,1.0
712932,Mendocino,1,NA,3.2197178853073,0.5,0,0,NA,1.0
712942,Del Norte,1,NA,0.0,0.5,0,0,NA,1.0
712943,Del Norte,1,NA,0.0,0.0,0,0,NA,1.0
712946,Del Norte,1,NA,0.0,0.0,0,0,NA,1.0
712947,Del Norte,1,NA,0.0,0.0,0,0,NA,1.0
712948,Del Norte,1,NA,0.0,0.5,0,0,NA,1.0
712949,Del Norte,1,NA,0.0,0.5,0,0,NA,1.0
712950,Del Norte,1,NA,0.0,0.5,0,0,NA,1.0
712951,Del Norte,1,NA,0.0,0.0,0,0,NA,1.0
712952,Del Norte,1,NA,0.0,0.5,0,0,NA,1.0
712953,Del Norte,1,NA,0.0,0.0,0,0,NA,1.0
712956,Del Norte,1,NA,0.0,0.0,0,0,NA,1.0
712957,Del Norte,1,NA,0.0,0.0,0,0,NA,1.0
712958,Del Norte,1,NA,0.0,0.0,0,0,NA,1.0
712959,Del Norte,1,NA,0.0,0.0,0,0,NA,1.0
712960,Del Norte,1,NA,0.0,0.5,0,0,NA,1.0
712961,Del Norte,1,NA,0.0,0.0,0,0,NA,1.0
712962,Del Norte,1,NA,0.0,0.0,0,0,NA,1.0
712963,Del Norte,1,NA,0.0,0.0,0,0,NA,1.0
712966,Del Norte,1,NA,0.0,0.0,0,0,NA,1.0
712967,Del Norte,1,NA,0.0,0.5,0,0,NA,1.0
712970,Humboldt,1,NA,1.17006020096967,0.5,0,0,NA,1.0
712971,Humboldt,1,NA,0.0,0.5,0,0,NA,1.0
712972,Humboldt,1,NA,2.53667347306994,0.5,0,0,NA,1.0
712974,Humboldt,1,NA,0.0,0.5,0,0,NA,1.0
712977,Humboldt,1,NA,0.0,0.5,0,0,NA,1.0
712978,Humboldt,1,NA,0.0,0.0,0,0,NA,1.0
712979,Humboldt,1,NA,1.12802505971321,0.0,0,0,NA,1.0
712980,Humboldt,1,NA,0.0,0.0,0,0,NA,1.0
712981,Humboldt,1,NA,0.0,0.0,0,0,NA,1.0
712983,Humboldt,1,NA,0.0,0.0,0,0,NA,1.0
712984,Humboldt,1,NA,0.0,0.0,0,0,NA,1.0
712985,Humboldt,1,715564,0.517489157623443,0.0,0,0,NA,1.0
712990,Humboldt,1,NA,0.0,0.0,0,0,NA,1.0
712991,Humboldt,1,NA,3.02369228241731,0.5,0,0,NA,1.0
712992,Humboldt,1,NA,1.31315742908352,0.0,0,0,NA,1.0
712993,Humboldt,1,NA,0.0,0.0,0,0,NA,1.0
712994,Humboldt,1,NA,0.0,0.0,0,0,NA,1.0
712995,Humboldt,1,NA,0.0,0.0,0,0,NA,1.0
712996,Humboldt,1,NA,5.08293653925467,0.5,0,0,NA,1.0
712997,Humboldt,1,NA,0.0,0.0,0,0,NA,1.0
712998,Humboldt,1,713040,0.927495524160048,0.0,0,0,NA,1.0
712999,Humboldt,1,NA,0.0,0.0,0,0,NA,1.0
713000,Humboldt,1,NA,0.0,0.0,0,0,NA,1.0
713001,Humboldt,1,NA,0.0,0.0,0,0,NA,1.0
713002,Humboldt,1,NA,0.0,0.0,0,0,NA,1.0
713003,Humboldt,1,NA,0.0,0.0,0,0,NA,1.0
713004,Humboldt,1,NA,0.0,0.0,0,0,NA,1.0
713006,Humboldt,1,NA,0.0,0.0,0,0,NA,1.0
713007,Humboldt,1,NA,0.0,0.0,0,0,NA,1.0
713008,Humboldt,1,NA,0.0,0.0,0,0,NA,1.0
713009,Humboldt,1,NA,0.0,0.5,0,0,NA,1.0
713010,Humboldt,1,715551,1.38677924830297,0.0,0,0,NA,1.0
713011,Humboldt,1,715553,0.181068110073755,0.5,0,0,NA,1.0
713012,Humboldt,1,NA,0.0,0.0,0,0,NA,1.0
713013,Humboldt,1,NA,0.0,0.5,0,0,NA,1.0
713014,Humboldt,1,NA,0.0,0.0,0,0,NA,1.0
713015,Humboldt,1,NA,0.0,0.0,0,0,NA,1.0
713016,Humboldt,1,NA,0.0,0.0,0,0,NA,1.0
713017,Humboldt,1,NA,0.0,0.0,0,0,NA,1.0
713018,Humboldt,1,715556,0.208504470201388,0.0,0,0,NA,1.0
713019,Humboldt,1,715557,0.998541106247394,0.0,0,0,NA,1.0
713020,Humboldt,1,NA,0.0,0.0,0,0,NA,1.0
713021,Humboldt,1,NA,0.438270039775967,0.0,0,0,NA,1.0
713022,Humboldt,1,NA,0.0,0.5,0,0,NA,1.0
713023,Humboldt,1,NA,0.0,0.5,0,0,NA,1.0
713025,Humboldt,1,NA,1.19324316004976,0.5,0,0,NA,1.0
713026,Humboldt,1,NA,0.0,0.0,0,0,NA,1.0
713027,Humboldt,1,NA,0.0,0.5,0,0,NA,1.0
713034,Humboldt,1,NA,2.01883837271389,0.0,0,0,NA,1.0
713036,Humboldt,1,NA,0.0,0.0,0,0,NA,1.0
713037,Humboldt,1,NA,0.955534229442959,0.0,0,0,NA,1.0
713038,Humboldt,1,NA,0.0,0.0,0,0,NA,1.0
713039,Humboldt,1,NA,0.0,0.5,0,0,NA,1.0
713040,Humboldt,1,NA,0.203552449780666,0.0,0,0,NA,1.0
713041,Humboldt,1,NA,0.0,0.0,0,0,NA,1.0
713042,Humboldt,1,NA,0.0,0.0,0,0,NA,1.0
713043,Humboldt,1,NA,0.0,0.5,0,0,NA,1.0
713044,Humboldt,1,NA,0.0,0.0,0,0,NA,1.0
713045,Humboldt,1,NA,0.0,0.5,0,0,NA,1.0
713046,Humboldt,1,NA,0.0,0.5,0,0,NA,1.0
713047,Humboldt,1,NA,0.0,0.0,0,0,NA,1.0
713048,Humboldt,1,NA,0.0,0.5,0,0,NA,1.0
713051,Humboldt,1,713233,3.17443762073792,0.5,0,0,NA,1.0
713052,Humboldt,1,NA,0.0,0.5,0,0,NA,1.0
713053,Humboldt,1,715348,1.61446354242598,0.0,0,0,NA,1.0
713054,Humboldt,1,NA,0.0,0.0,0,0,NA,1.0
713055,Humboldt,1,715348,1.10493933667844,0.0,0,0,NA,1.0
713082,Mendocino,1,NA,0.0,0.0,0,0,NA,1.0
713089,Mendocino,1,NA,0.0,0.0,0,0,NA,1.0
713090,Mendocino,1,NA,0.0,0.0,0,0,NA,1.0
713092,Mendocino,1,NA,0.0,0.0,0,0,NA,1.0
713093,Mendocino,1,764902,1.18948526631163,0.0,0,0,NA,1.0
713094,Mendocino,1,NA,0.0,0.5,0,0,NA,1.0
713106,Mendocino,1,NA,0.0,0.0,0,0,NA,1.0
713110,Mendocino,1,NA,1.71386218499828,0.5,0,0,NA,1.0
713111,Mendocino,1,NA,0.0,0.0,0,0,NA,1.0
713112,Mendocino,1,NA,0.0,0.5,0,0,NA,1.0
713114,Mendocino,1,NA,0.0,0.0,0,0,NA,1.0
713115,Mendocino,1,NA,0.0,0.0,0,0,NA,1.0
713116,Mendocino,1,NA,0.774436435790358,0.5,0,0,NA,1.0
713119,Mendocino,1,NA,1.47291983682316,0.0,0,0,NA,1.0
713120,Mendocino,1,NA,1.11095674181187,0.0,0,0,NA,1.0
713121,Mendocino,1,NA,0.0,0.0,0,0,NA,1.0
713155,Mendocino,1,NA,0.0,0.5,0,0,NA,1.0
713156,Mendocino,1,NA,0.0,0.5,0,0,NA,1.0
713157,Mendocino,1,NA,0.0,0.5,0,0,NA,1.0
713158,Mendocino,1,NA,0.0,0.5,0,0,NA,1.0
713159,Mendocino,1,NA,0.0,0.5,0,0,NA,1.0
713190,Humboldt,1,NA,1.09753234238175,0.0,0,0,NA,1.0
713192,Del Norte,1,NA,0.0,0.0,0,0,NA,1.0
713193,Del Norte,1,NA,0.0,0.5,0,0,NA,1.0
713194,Del Norte,1,707137,1.49659393511124,0.5,0,0,NA,1.0
713196,Del Norte,1,NA,0.0,0.5,0,0,NA,1.0
713197,Del Norte,1,NA,0.0,0.0,0,0,NA,1.0
713199,Mendocino,1,NA,1.68654465892066,0.5,0,0,NA,1.0
713205,Mendocino,1,NA,0.0,0.0,0,0,NA,1.0
713207,Mendocino,1,NA,1.52049578953334,0.5,0,0,NA,1.0
713209,Mendocino,1,NA,1.14885543388344,0.5,0,0,NA,1.0
713216,Humboldt,1,NA,0.121370309850255,0.0,0,0,NA,1.0
713217,Humboldt,1,NA,0.643050586904852,0.0,0,0,NA,1.0
713218,Humboldt,1,NA,1.13481319675945,0.0,0,0,NA,1.0
713219,Humboldt,1,NA,1.55322546166097,0.0,0,0,NA,1.0
713220,Humboldt,1,NA,0.0,0.0,0,0,NA,1.0
713221,Humboldt,1,NA,1.74787513962297,0.5,0,0,NA,1.0
713222,Humboldt,1,722815,0.842220487897661,0.0,0,0,NA,1.0
713223,Humboldt,1,NA,3.15831253773622,0.0,0,0,NA,1.0
713224,Humboldt,1,NA,0.0,0.5,0,0,NA,1.0
713225,Humboldt,1,NA,0.0,0.0,0,0,NA,1.0
713226,Humboldt,1,NA,0.0,0.5,0,0,NA,1.0
713227,Humboldt,1,NA,0.0,0.0,0,0,NA,1.0
713228,Humboldt,1,NA,0.0,0.5,0,0,NA,1.0
713229,Humboldt,1,NA,0.0,0.0,0,0,NA,1.0
713230,Humboldt,1,715488,0.749719107027347,0.0,0,0,NA,1.0
713231,Humboldt,1,715269,1.65388337010872,0.5,0,0,NA,1.0
713232,Humboldt,1,713231,1.22080361099871,0.5,0,0,NA,1.0
713233,Humboldt,1,NA,0.0855319372342761,0.0,0,0,NA,1.0
713360,Humboldt,1,705838,0.873131895639866,0.0,0,0,NA,1.0
713361,Humboldt,1,NA,7.5334641127176,0.0,0,0,NA,1.0
713362,Humboldt,1,NA,1.12792945261512,0.5,0,0,NA,
713363,Del Norte,1,NA,0.0,0.5,0,0,NA,
713364,Mendocino,1,715073,0.873393298687098,0.5,0,0,NA,
713365,Humboldt,1,NA,0.409709205986126,0.5,0,0,NA,
713367,Siskiyou,1,NA,0.0,0.0,0,0,NA,
713373,Humboldt,1,722759,0.0,0.0,0,0,NA,
713376,Siskiyou,1,736801,0.0,0.0,0,0,NA,
713378,Mendocino,1,723489,1.27421780355635,0.5,0,0,NA,
713383,Siskiyou,1,736799,1.87985860840953,0.5,0,0,NA,
713385,Humboldt,1,NA,7.69380791811013,0.5,0,0,NA,
713392,Humboldt,1,NA,0.0,0.0,0,0,NA,
713393,Mendocino,1,NA,0.0,0.0,0,0,NA,
713394,Mendocino,1,NA,0.0,0.0,0,0,NA,
713395,Mendocino,1,NA,0.0,0.0,0,0,NA,
713396,Mendocino,1,712905,0.0,0.0,0,0,NA,
713401,Siskiyou,1,NA,5.61858773308653,0.5,0,0,NA,
713402,Humboldt,1,713365,0.0,0.0,0,0,NA,
713729,Alameda,1,719280,0.0924667598819539,0.0,0,0,NA,1.0
713731,Alameda,1,NA,0.0,0.0,0,0,NA,1.0
713732,Alameda,1,NA,0.0,0.0,0,0,NA,1.0
713733,Alameda,1,NA,0.0,0.0,0,0,NA,1.0
713734,Alameda,1,NA,0.0,0.0,0,0,NA,1.0
713736,Alameda,1,713729,0.0609456924079379,0.5,0,0,NA,1.0
713737,Alameda,1,713736,0.353607228137521,0.5,0,0,NA,1.0
713738,Alameda,1,713737,0.789637107850994,0.5,0,0,NA,1.0
713741,Ventura,1,719058,5.69789046523796,0.5,0,0,NA,1.0
713742,Ventura,1,713741,0.576685873687366,0.5,0,0,NA,
713743,Ventura,1,713742,0.479892806566347,0.5,0,0,NA,
713744,Ventura,1,713743,0.0,0.0,0,0,NA,
713745,Ventura,1,NA,0.0,0.5,0,0,NA,
713746,Ventura,1,NA,0.0,0.0,0,0,NA,
713750,Ventura,1,713741,1.25726293260741,0.5,0,0,NA,
713751,Ventura,1,713750,0.887422456612679,0.5,0,0,NA,
713753,Ventura,1,713751,0.160005747351343,0.5,0,0,NA,
713754,Ventura,1,713753,0.0,0.0,0,0,NA,
713755,Ventura,1,713750,0.0,0.0,0,0,NA,
713756,Ventura,1,713741,0.115489278916962,0.5,0,0,NA,
713757,Ventura,1,713756,0.0928591996204222,0.5,0,0,NA,
713758,Ventura,1,713757,0.427977640575363,0.5,0,0,NA,
713759,Ventura,1,713758,0.0744187931722689,0.5,0,0,NA,
713760,Ventura,1,NA,0.0,0.5,0,0,NA,
713761,Ventura,1,NA,0.0,0.0,0,0,NA,
713762,Ventura,1,NA,0.0,0.5,0,0,NA,
713763,Ventura,1,NA,0.0,0.5,0,0,NA,
713764,Ventura,1,NA,0.0,0.5,0,0,NA,
713765,Ventura,1,NA,0.0,0.5,0,0,NA,
713766,Ventura,1,NA,0.0,0.5,0,0,NA,
713767,Ventura,1,NA,0.0,0.0,0,0,NA,1.0
713867,Ventura,1,NA,2.60988765096628,0.5,0,0,NA,1.0
713870,Ventura,1,705658,0.742069280388574,0.5,0,0,NA,1.0
713871,Ventura,1,713870,1.16684747184925,0.5,0,0,NA,1.0
713873,Ventura,1,713871,0.720599729443089,0.5,0,0,NA,1.0
713874,Ventura,1,705661,0.224498206616515,0.0,0,0,NA,1.0
713875,Ventura,1,713874,1.98347862022341,0.0,0,0,NA,1.0
713883,Ventura,1,707666,1.59577750950668,0.5,0,0,NA,1.0
713884,Ventura,1,NA,0.0,0.5,0,0,NA,1.0
713885,Ventura,1,713887,0.450920979402292,0.5,0,0,NA,1.0
713887,Ventura,1,NA,6.19232122265374,0.5,0,0,NA,1.0
713891,Ventura,1,705685,0.477023371044032,0.5,0,0,NA,
713892,Ventura,1,713891,3.55596843820694,0.5,0,0,NA,
715022,Mendocino,1,NA,0.0,0.0,0,0,NA,
715024,Mendocino,1,NA,212.488875284547,0.5,0,0,NA,
715026,Mendocino,1,NA,0.0,0.5,0,0,NA,1.0
715027,Mendocino,1,NA,0.462082741060307,0.5,0,0,NA,1.0
715070,Trinity,1,712922,6.98216262670374,0.5,0,0,NA,
715073,Mendocino,1,NA,1.98024887191025,0.5,0,0,NA,1.0
715093,Mendocino,1,NA,0.963457858332132,0.5,0,0,NA,1.0
715165,Lake,1,719934,0.839226196270831,0.5,0,0,NA,
715239,Humboldt,1,NA,0.0,0.0,0,0,NA,
715258,Humboldt,1,NA,0.0,0.0,0,0,NA,
715259,Humboldt,1,NA,0.0,0.0,0,0,NA,
715260,Humboldt,1,715261,0.0,0.0,0,0,NA,
715261,Humboldt,1,NA,5.07709697458122,0.5,0,0,NA,
715262,Humboldt,1,NA,2.24806113315115,0.5,0,0,NA,
715263,Humboldt,1,NA,4.76461474327917,0.5,0,0,NA,
715264,Humboldt,1,NA,1.24126029365177,0.5,0,0,NA,
715265,Humboldt,1,NA,0.0,0.0,0,0,NA,
715269,Humboldt,1,NA,0.043757436574569,0.0,0,0,NA,1.0
715280,Humboldt,1,NA,2.29717944597552,0.5,0,0,NA,
715281,Humboldt,1,715282,0.0,0.0,0,0,NA,
715282,Humboldt,1,NA,0.120925071827345,0.5,0,0,NA,
715295,Humboldt,1,NA,0.0,0.0,0,0,NA,
715300,Humboldt,1,NA,0.0,0.0,0,0,NA,
715304,Humboldt,1,NA,0.199903596646138,0.5,0,0,NA,
715307,Humboldt,1,NA,0.0,0.0,0,0,NA,
715310,Humboldt,1,NA,0.0,0.0,0,0,NA,1.0
715330,Trinity,1,717742,0.0,0.0,0,0,NA,
715332,Trinity,1,NA,0.0,0.0,0,0,NA,
715333,Trinity,1,715024,0.0,0.0,0,0,NA,
715334,Humboldt,1,715564,0.0,0.0,0,0,NA,
715339,Humboldt,1,NA,1.36684424318671,0.5,0,0,NA,
715341,Humboldt,1,NA,3.30465875958738,0.5,0,0,NA,
715342,Humboldt,1,NA,0.0,0.0,0,0,NA,
715348,Humboldt,1,715535,31.6559629239535,0.5,0,0,NA,
715351,Humboldt,1,NA,0.0,0.0,0,0,NA,
715352,Humboldt,1,NA,0.0,0.0,0,0,NA,
715353,Humboldt,1,NA,0.0,0.5,0,0,NA,1.0
715358,Humboldt,1,715533,0.0,0.0,0,0,NA,
715359,Humboldt,1,715533,4.84961617476935,0.0,0,0,NA,1.0
715364,Humboldt,1,NA,0.0,0.0,0,0,NA,
715366,Humboldt,1,NA,0.0,0.0,0,0,NA,
715367,Humboldt,1,NA,0.0,0.0,0,0,NA,
715369,Humboldt,1,715534,0.0,0.0,0,0,NA,
715371,Humboldt,1,715534,0.0,0.0,0,0,NA,
715372,Humboldt,1,NA,0.0,0.0,0,0,NA,
715373,Humboldt,1,NA,0.0,0.0,0,0,NA,
715375,Del Norte,1,721887,0.0,0.0,0,0,NA,
715407,Humboldt,1,NA,2.27528506322508,0.5,0,0,NA,
715409,Humboldt,1,NA,0.0,0.0,0,0,NA,1.0
715411,Humboldt,1,NA,0.780974831428509,0.5,0,0,NA,
715429,Humboldt,1,NA,0.96855887118883,0.5,0,0,NA,1.0
715430,Humboldt,1,NA,0.0,0.0,0,0,NA,
715432,Humboldt,1,715430,0.0,0.0,0,0,NA,
715442,Trinity,1,715024,13.7704887262372,0.5,0,0,NA,
715444,Trinity,1,715024,1.0742926284761,0.5,0,0,NA,
715447,Humboldt,1,NA,2.09386517842048,0.0,0,0,NA,1.0
715448,Humboldt,1,NA,2.31291959619832,0.5,0,0,NA,1.0
715449,Humboldt,1,NA,0.1981125951011,0.0,0,0,NA,1.0
715453,Humboldt,1,715460,2.09150240728967,0.0,0,0,NA,1.0
715456,Humboldt,1,NA,0.0,0.5,0,0,NA,1.0
715460,Humboldt,1,NA,10.0492665471355,0.5,0,0,NA,1.0
715462,Humboldt,1,NA,0.640837031438498,0.5,0,0,NA,1.0
715463,Humboldt,1,NA,0.631767979319067,0.5,0,0,NA,1.0
715466,Humboldt,1,NA,1.49054593825206,0.5,0,0,NA,1.0
715472,Humboldt,1,715432,0.0,0.5,0,0,NA,1.0
715476,Humboldt,1,NA,0.0,0.0,0,0,NA,1.0
715477,Humboldt,1,NA,2.80856417221215,0.0,0,0,NA,1.0
715478,Humboldt,1,NA,1.40419270563668,0.0,0,0,NA,1.0
715481,Humboldt,1,715564,11.5912463168882,0.5,0,0,NA,1.0
715484,Humboldt,1,NA,2.52096081656865,0.5,0,0,NA,1.0
715485,Humboldt,1,711992,1.67475119394392,0.5,0,0,NA,1.0
715486,Humboldt,1,NA,0.0,0.5,0,0,NA,1.0
715487,Humboldt,1,NA,0.0,0.5,0,0,NA,1.0
715488,Humboldt,1,NA,3.49066729058353,0.5,0,0,NA,1.0
715502,Humboldt,1,NA,0.0,0.0,0,0,NA,
715520,Humboldt,1,NA,0.0,0.0,0,0,NA,1.0
715524,Humboldt,1,NA,0.0853487758096057,0.5,0,0,NA,1.0
715525,Humboldt,1,NA,2.43827649519933,0.5,0,0,NA,1.0
715526,Mendocino,1,NA,16.057411424024,0.5,0,0,NA,
715532,Humboldt,1,NA,8.57704931667294,0.5,0,0,NA,1.0
715533,Humboldt,1,715534,44.9725463023158,0.5,0,0,NA,1.0
715534,Humboldt,1,NA,31.7217255898927,0.5,0,0,NA,1.0
715535,Humboldt,1,NA,7.73832970534162,0.5,0,0,NA,
715536,Humboldt,1,NA,89.6562525164277,0.5,0,0,NA,
715538,Humboldt,1,NA,0.0,0.0,0,0,NA,1.0
715539,Humboldt,1,NA,0.00624608677290458,0.5,0,0,NA,1.0
715540,Humboldt,1,NA,1.96741536491739,0.5,0,0,NA,1.0
715541,Humboldt,1,715532,0.0,0.0,0,0,NA,
715543,Humboldt,1,NA,0.0,0.0,0,0,NA,
715545,Humboldt,1,NA,0.0,0.0,0,0,NA,1.0
715546,Humboldt,1,NA,0.0,0.0,0,0,NA,1.0
715548,Humboldt,1,705790,0.0,0.0,0,0,NA,
715549,Humboldt,1,NA,0.0,0.0,0,0,NA,
715550,Humboldt,1,705789,2.0280240322372,0.5,0,0,NA,1.0
715551,Humboldt,1,NA,0.25727067524311,0.0,0,0,NA,1.0
715552,Humboldt,1,NA,2.68656470040407,0.0,0,0,NA,1.0
715553,Humboldt,1,NA,0.164919947426098,0.0,0,0,NA,1.0
715554,Humboldt,1,NA,0.0,0.0,0,0,NA,1.0
715555,Humboldt,1,NA,0.0,0.0,0,0,NA,1.0
715556,Humboldt,1,NA,0.26337834290749,0.0,0,0,NA,1.0
715557,Humboldt,1,NA,0.199629764044262,0.0,0,0,NA,1.0
715558,Humboldt,1,NA,0.0,0.0,0,0,NA,1.0
715559,Humboldt,1,NA,0.0,0.5,0,0,NA,1.0
715560,Humboldt,1,NA,2.97949440369297,0.5,0,0,NA,1.0
715561,Humboldt,1,NA,0.0,0.5,0,0,NA,1.0
715562,Humboldt,1,NA,2.15957919777685,0.5,0,0,NA,1.0
715564,Humboldt,1,NA,86.0781501499064,0.5,0,0,NA,
715779,Del Norte,1,NA,0.0,0.0,0,0,NA,1.0
716016,Siskiyou,1,NA,54.812039250933,0.5,0,0,NA,1.0
716277,Shasta,1,NA,0.0,0.0,0,0,NA,1.0
716298,Siskiyou,1,707482,0.0,0.0,0,0,NA,1.0
716390,Ventura,1,NA,0.0,0.0,0,0,NA,1.0
716736,Humboldt,1,NA,0.0,0.0,0,0,NA,
716737,Humboldt,1,NA,0.0,0.0,0,0,NA,1.0
716738,Humboldt,1,NA,0.0820884185491632,0.5,0,0,NA,1.0
716739,Humboldt,1,NA,0.513779487033478,0.5,0,0,NA,1.0
716740,Humboldt,1,NA,0.404446096468266,0.5,0,0,NA,1.0
716741,Humboldt,1,736796,1.32388025072971,0.5,0,0,NA,1.0
716744,Humboldt,1,NA,4.47015819008866,0.5,0,0,NA,
716745,Humboldt,1,NA,0.0,0.0,0,0,NA,1.0
716746,Del Norte,1,NA,2.24660883773909,0.5,0,0,NA,1.0
716750,Del Norte,1,NA,0.0,0.5,0,0,NA,1.0
716845,San Mateo,1,NA,0.115712460382238,0.0,0,0,NA,1.0
716846,San Mateo,1,716845,2.31124700101499,0.5,0,0,NA,1.0
716848,San Mateo,1,NA,0.0,0.5,0,0,NA,1.0
716849,San Mateo,1,716850,1.75107735540399,0.5,0,0,NA,1.0
716850,San Mateo,1,716851,2.19977692947881,0.5,0,0,NA,1.0
716851,San Mateo,1,716852,0.757622588031944,0.5,0,0,NA,1.0
716852,San Mateo,1,716853,0.261047077889353,0.5,0,0,NA,1.0
716853,San Mateo,1,716854,0.239889447030928,0.5,0,0,NA,1.0
716854,San Mateo,1,716855,0.598396891469458,0.5,0,0,NA,1.0
716855,San Mateo,1,716856,0.187421983019425,0.5,0,0,NA,1.0
716856,San Mateo,1,716857,0.836001125904674,0.5,0,0,NA,1.0
716857,San Mateo,1,716858,0.656763719705012,0.5,0,0,NA,1.0
716858,San Mateo,1,706724,0.181759898458072,0.5,0,0,NA,1.0
716859,San Mateo,1,NA,0.0,0.0,0,0,NA,
716860,San Mateo,1,NA,0.0,0.0,0,0,NA,
716861,San Mateo,1,NA,0.0,0.0,0,0,NA,1.0
716864,San Mateo,1,706715,21.1963706745128,0.5,0,0,NA,1.0
716865,San Mateo,1,716866,1.67095718332737,0.5,0,0,NA,1.0
716866,San Mateo,1,716867,0.533903623060061,0.5,0,0,NA,1.0
716867,San Mateo,1,716868,0.557628471891708,0.5,0,0,NA,1.0
716868,San Mateo,1,716869,0.168771422023417,0.5,0,0,NA,1.0
716869,San Mateo,1,716870,0.0547518881666689,0.5,0,0,NA,1.0
716870,San Mateo,1,NA,0.724233777742998,0.5,0,0,NA,1.0
716874,San Mateo,1,NA,0.0,0.0,0,0,NA,
716875,San Mateo,1,NA,0.0,0.0,0,0,NA,
716881,San Mateo,1,NA,0.0,0.0,0,0,NA,
716996,Humboldt,1,NA,0.0,0.0,0,0,NA,
717113,Humboldt,1,715348,0.0,0.0,0,0,NA,
717181,Humboldt,1,NA,0.0,0.0,0,0,NA,
717182,Humboldt,1,NA,0.0,0.0,0,0,NA,
717742,Trinity,1,717743,29.4959052799605,0.5,0,0,NA,
717743,Trinity,1,712922,0.156433825079336,0.5,0,0,NA,
718442,Humboldt,1,NA,0.850093742863548,0.5,0,0,NA,1.0
737410,Shasta,1,737409,0.0717397523772882,0.5,0,0,NA,
718701,Siskiyou,1,758260,42.0707692894526,0.0,0,0,NA,1.0
718702,Siskiyou,1,NA,0.0,0.0,0,0,NA,1.0
718703,Siskiyou,1,NA,0.0,0.0,0,0,NA,1.0
718704,Siskiyou,1,NA,0.0,0.0,0,0,NA,1.0
718705,Siskiyou,1,NA,0.0,0.0,0,0,NA,1.0
718757,Lake,1,719934,0.0,0.0,0,0,NA,1.0
718828,Calaveras,1,704323,0.0,0.0,0,0,NA,1.0
718872,Alameda,1,719280,12.8266001703095,0.0,0,0,NA,1.0
718873,Alameda,1,700009,26.3414813066057,0.0,0,0,NA,1.0
718874,Alameda,1,700009,68.3426614424811,0.0,0,0,NA,1.0
718926,Mendocino,1,NA,4.62886992890989,0.0,0,0,NA,1.0
718927,Mendocino,1,NA,3.84793112211777,0.0,0,0,NA,1.0
719057,Ventura,1,705679,15.7162936768273,0.0,0,0,NA,1.0
719058,Ventura,1,713885,5.77431836016746,0.0,0,0,NA,1.0
719100,Siskiyou,1,NA,0.0,0.0,0,0,NA,1.0
719138,Siskiyou,1,NA,0.0,0.0,0,0,NA,1.0
719162,Mendocino,1,705897,0.0296839104112903,0.0,0,0,NA,1.0
719280,Alameda,1,700016,169.921982761726,0.5,0,0,NA,1.0
719282,Mendocino,1,718926,2.91095440213954,0.0,0,0,NA,1.0
719298,Siskiyou,1,NA,0.0,0.0,0,0,NA,1.0
719371,Siskiyou,1,NA,0.0,0.0,0,0,NA,1.0
719419,Humboldt,1,NA,3.30943014483173,0.0,0,0,NA,1.0
719449,Ventura,1,712479,0.0937547904415425,0.0,0,0,NA,1.0
719509,Siskiyou,1,NA,0.0,0.0,0,0,NA,1.0
719528,Mendocino,1,NA,1.58957482044082,0.0,0,0,NA,1.0
719583,Mendocino,1,NA,0.0,0.0,0,0,NA,1.0
719900,Santa Barbara,1,NA,0.0,0.0,0,0,NA,1.0
719934,Mendocino,1,NA,191.32173496823,0.5,0,0,NA,1.0
720194,Siskiyou,1,737366,0.0241717637352271,0.0,0,0,NA,1.0
720259,Siskiyou,1,NA,0.0,0.0,0,0,NA,1.0
720271,Santa Barbara,1,NA,0.767408038736413,0.0,0,0,NA,1.0
720338,Siskiyou,1,NA,0.0,0.0,0,0,NA,
720368,San Mateo,1,716849,0.0,0.0,0,0,NA,
720375,Mendocino,1,NA,0.0,0.0,0,0,NA,
720485,Shasta,1,737026,0.0,0.0,0,0,NA,
720502,Shasta,1,737410,0.0,0.0,0,0,NA,
720504,Siskiyou,1,737360,8.045091138037,0.0,0,0,NA,1.0
720554,Del Norte,1,NA,0.0,0.0,0,0,NA,
720555,Del Norte,1,NA,6.97133500753285,0.5,0,0,NA,
720557,Del Norte,1,NA,0.0,0.5,0,0,NA,
720690,Del Norte,1,NA,0.0,0.0,0,0,NA,
720718,Del Norte,1,NA,0.0,0.0,0,0,NA,
720787,Del Norte,1,NA,0.0,0.0,0,0,NA,
720802,Del Norte,1,NA,6.61128568116543,0.5,0,0,NA,
720805,Del Norte,1,NA,3.4902917302384,0.5,0,0,NA,
720822,Del Norte,1,720840,0.0,0.0,0,0,NA,
720826,Del Norte,1,NA,0.0,0.0,0,0,NA,
720830,Del Norte,1,720840,0.0,0.0,0,0,NA,
720831,Del Norte,1,NA,0.0,0.0,0,0,NA,
720833,Del Norte,1,NA,0.0,0.0,0,0,NA,
720834,Del Norte,1,NA,0.0,0.0,0,0,NA,
720835,Del Norte,1,NA,0.0,0.0,0,0,NA,
720836,Del Norte,1,NA,0.0,0.0,0,0,NA,
736919,Humboldt,1,713025,0.0,0.0,0,0,NA,
720840,Del Norte,1,NA,11.8686343306733,0.5,0,0,NA,
720850,Del Norte,1,NA,0.0,0.0,0,0,NA,
720851,Del Norte,1,NA,0.0,0.0,0,0,NA,
720852,Del Norte,1,NA,0.128962622499569,0.5,0,0,NA,
720857,Del Norte,1,720852,1.34236066584508,0.5,0,0,NA,
720858,Del Norte,1,720857,0.0,0.0,0,0,NA,
720956,Del Norte,1,NA,0.235327393909026,0.5,0,0,NA,1.0
720957,Del Norte,1,720956,4.07628447999389,0.5,0,0,NA,1.0
720961,Del Norte,1,NA,0.0,0.0,0,0,NA,
720967,Del Norte,1,720957,0.0,0.0,0,0,NA,
720968,Del Norte,1,720967,0.0,0.0,0,0,NA,
720969,Del Norte,1,720968,0.0,0.0,0,0,NA,
720970,Del Norte,1,720969,0.0,0.0,0,0,NA,
720971,Del Norte,1,720970,0.0,0.0,0,0,NA,
720972,Del Norte,1,720971,0.0,0.0,0,0,NA,
720973,Del Norte,1,720972,0.0,0.0,0,0,NA,
720974,Del Norte,1,720973,0.0,0.0,0,0,NA,
720976,Del Norte,1,720974,0.0,0.5,0,0,NA,
720978,Del Norte,1,720976,0.0,0.0,0,0,NA,
721046,Del Norte,1,NA,0.0,0.0,0,0,NA,
721047,Del Norte,1,NA,5.85005536580368,0.5,0,0,NA,
721051,Del Norte,1,NA,0.0,0.0,0,0,NA,
721052,Del Norte,1,NA,0.0,0.0,0,0,NA,
721089,Del Norte,1,NA,0.0,0.0,0,0,NA,
721096,Del Norte,1,NA,0.0,0.0,0,0,NA,
721148,Del Norte,1,NA,0.77529343513861,0.5,0,0,NA,1.0
721166,Del Norte,1,721167,1.1080044565144,0.5,0,0,NA,
721167,Del Norte,1,721168,0.0469795739214162,0.5,0,0,NA,
721168,Del Norte,1,721169,0.290572847363054,0.5,0,0,NA,
721169,Del Norte,1,721170,0.120734762926904,0.5,0,0,NA,
721170,Del Norte,1,NA,0.228010313569376,0.5,0,0,NA,
721197,Del Norte,1,NA,0.0,0.0,0,0,NA,
721208,Del Norte,1,721238,0.0,0.5,0,0,NA,
721215,Del Norte,1,NA,0.0555827411853673,0.5,0,0,NA,
721216,Del Norte,1,721215,0.0558179606302619,0.5,0,0,NA,
721217,Del Norte,1,721216,0.0102902807505311,0.5,0,0,NA,
721218,Del Norte,1,721217,0.0239724468214369,0.5,0,0,NA,
721219,Del Norte,1,721218,0.107799223874906,0.5,0,0,NA,
721222,Del Norte,1,721208,0.0,0.5,0,0,NA,
721238,Del Norte,1,721219,0.0,0.0,0,0,NA,
721291,Del Norte,1,NA,0.0940823080791148,0.5,0,0,NA,
721422,Del Norte,1,721291,1.74855132934267,0.5,0,0,NA,
721589,Del Norte,1,NA,0.0,0.0,0,0,NA,
721591,Del Norte,1,NA,0.0,0.0,0,0,NA,
721594,Del Norte,1,NA,0.0,0.0,0,0,NA,1.0
721596,Del Norte,1,707872,0.0,0.0,0,0,NA,
721613,Del Norte,1,NA,0.0,0.0,0,0,NA,
721615,Del Norte,1,NA,0.0,0.0,0,0,NA,
721617,Del Norte,1,NA,0.0,0.5,0,0,NA,1.0
721738,Del Norte,1,NA,0.0,0.0,0,0,NA,
721740,Del Norte,1,NA,0.0,0.0,0,0,NA,
721823,Del Norte,1,NA,0.0,0.0,0,0,NA,
721824,Del Norte,1,NA,0.0,0.0,0,0,NA,
721827,Del Norte,1,NA,0.0,0.0,0,0,NA,
721828,Del Norte,1,NA,0.0,0.0,0,0,NA,
721830,Del Norte,1,NA,0.0,0.0,0,0,NA,
721838,Del Norte,1,NA,0.0,0.0,0,0,NA,
721846,Del Norte,1,NA,0.0,0.0,0,0,NA,
721847,Del Norte,1,NA,0.0,0.5,0,0,NA,1.0
721848,Del Norte,1,NA,0.0,0.0,0,0,NA,
721853,Del Norte,1,NA,0.0824685036521961,0.5,0,0,NA,
721854,Del Norte,1,721868,0.0,0.0,0,0,NA,
721868,Del Norte,1,721853,0.24409458767624,0.5,0,0,NA,
721884,Del Norte,1,NA,8.58762816711084,0.5,0,0,NA,
721887,Del Norte,1,NA,17.6822746671572,0.5,0,0,NA,1.0
721903,Del Norte,1,NA,0.132058104088127,0.5,0,0,NA,1.0
721913,Del Norte,1,707134,3.11733333340312,0.5,0,0,NA,
737407,Shasta,1,737406,0.0683202146033572,0.5,0,0,NA,
721965,Del Norte,1,NA,0.0,0.5,0,0,NA,
721966,Del Norte,1,NA,0.0,0.0,0,0,NA,
722022,Del Norte,1,NA,0.0,0.0,0,0,NA,
722024,Del Norte,1,NA,0.310230562833431,0.5,0,0,NA,
722025,Del Norte,1,722024,0.0,0.0,0,0,NA,
722067,Del Norte,1,NA,0.0,0.0,0,0,NA,
722071,Del Norte,1,NA,0.0,0.0,0,0,NA,
722074,Del Norte,1,NA,0.0,0.0,0,0,NA,
722075,Del Norte,1,NA,0.0,0.0,0,0,NA,
722082,Del Norte,1,721887,1.96857396757924,0.5,0,0,NA,
722089,Del Norte,1,722082,0.366427503935667,0.5,0,0,NA,
722090,Del Norte,1,722089,0.0,0.0,0,0,NA,
722092,Del Norte,1,NA,0.0,0.5,0,0,NA,
722093,Del Norte,1,NA,0.0,0.5,0,0,NA,
722125,Del Norte,1,NA,0.047802241996771,0.5,0,0,NA,
722152,Del Norte,1,NA,2.70377038291846,0.5,0,0,NA,1.0
722153,Del Norte,1,722158,0.0,0.0,0,0,NA,
722155,Del Norte,1,NA,2.92792915256564,0.5,0,0,NA,
722158,Del Norte,1,722155,0.0762245909765337,0.5,0,0,NA,
722159,Del Norte,1,NA,0.0,0.0,0,0,NA,
722177,Del Norte,1,NA,0.0,0.5,0,0,NA,
722179,Del Norte,1,NA,0.0,0.5,0,0,NA,
722191,Del Norte,1,NA,0.0,0.0,0,0,NA,
722202,Del Norte,1,707891,0.17438167052668,0.5,0,0,NA,
722203,Del Norte,1,722202,1.80685365978745,0.5,0,0,NA,
722208,Del Norte,1,NA,0.0,0.0,0,0,NA,
722227,Humboldt,1,722229,0.0,0.0,0,0,NA,
722228,Humboldt,1,722235,0.101801721786449,0.5,0,0,NA,1.0
722229,Humboldt,1,722228,0.664644160463049,0.5,0,0,NA,1.0
722230,Humboldt,1,722229,0.108776646880228,0.5,0,0,NA,1.0
722231,Humboldt,1,722230,0.244968084027538,0.5,0,0,NA,1.0
722232,Humboldt,1,722231,0.498926571539442,0.5,0,0,NA,1.0
722233,Humboldt,1,722232,0.251089564366094,0.5,0,0,NA,1.0
722234,Humboldt,1,722233,4.22148558293988,0.5,0,0,NA,1.0
722235,Humboldt,1,711884,5.99462386607798,0.0,0,0,NA,1.0
722236,Humboldt,1,NA,0.0,0.5,0,0,NA,
722264,Humboldt,1,722265,0.93180249512756,0.5,0,0,NA,
722265,Humboldt,1,NA,0.273258795520015,0.5,0,0,NA,
722282,Humboldt,1,NA,0.553770694122856,0.5,0,0,NA,
722285,Humboldt,1,722282,4.96682827340491,0.5,0,0,NA,
722286,Humboldt,1,NA,0.0,0.0,0,0,NA,
722287,Humboldt,1,722288,1.27425374963906,0.0,0,0,NA,1.0
722288,Humboldt,1,NA,0.141168811270816,0.5,0,0,NA,
722293,Humboldt,1,NA,0.0,0.5,0,0,NA,1.0
722298,Humboldt,1,722302,0.0,0.0,0,0,NA,
722299,Humboldt,1,NA,0.0,0.0,0,0,NA,
722302,Humboldt,1,NA,0.293365408094342,0.5,0,0,NA,
722305,Humboldt,1,NA,0.0,0.5,0,0,NA,
722306,Humboldt,1,NA,0.0,0.5,0,0,NA,
722307,Humboldt,1,NA,0.0,0.0,0,0,NA,
722309,Humboldt,1,NA,0.0,0.5,0,0,NA,
722311,Humboldt,1,NA,0.0,0.0,0,0,NA,
722312,Humboldt,1,NA,0.0,0.0,0,0,NA,
722313,Humboldt,1,NA,0.0,0.0,0,0,NA,
722314,Humboldt,1,NA,0.0,0.5,0,0,NA,
722315,Humboldt,1,NA,0.0,0.5,0,0,NA,
722327,Humboldt,1,NA,0.0,0.0,0,0,NA,
722329,Humboldt,1,NA,0.0,0.0,0,0,NA,
722330,Humboldt,1,NA,0.0,0.0,0,0,NA,
722365,Humboldt,1,715348,0.0,0.0,0,0,NA,
722367,Humboldt,1,715533,0.0,0.0,0,0,NA,
722369,Humboldt,1,722367,0.0,0.0,0,0,NA,
722439,Humboldt,1,NA,3.28288683257727,0.5,0,0,NA,1.0
722447,Humboldt,1,722439,1.37660695556316,0.5,0,0,NA,1.0
722587,Trinity,1,NA,0.93819964358487,0.5,0,0,NA,
722588,Trinity,1,722587,27.3365217311771,0.5,0,0,NA,
722688,Humboldt,1,NA,2.22705889969657,0.5,0,0,NA,1.0
722709,Humboldt,1,NA,0.35370299097697,0.0,0,0,NA,1.0
722724,Humboldt,1,722709,1.29086856095773,0.0,0,0,NA,1.0
722759,Humboldt,1,NA,0.355725956631802,0.5,0,0,NA,
722813,Humboldt,1,NA,0.00566998405742468,0.5,0,0,NA,
722814,Humboldt,1,722813,3.36327078641509,0.5,0,0,NA,
722815,Humboldt,1,722814,1.41179896390626,0.5,0,0,NA,
722821,Humboldt,1,722815,0.213203461080655,0.5,0,0,NA,
722823,Humboldt,1,722821,4.42870898376038,0.5,0,0,NA,
722884,Humboldt,1,NA,0.860681219123708,0.5,0,0,NA,1.0
722973,Humboldt,1,715463,3.40453148143291,0.5,0,0,NA,1.0
723194,Mendocino,1,NA,0.783977522478077,0.5,0,0,NA,1.0
723276,Humboldt,1,722688,1.27121129062236,0.0,0,0,NA,1.0
723279,Mendocino,1,NA,0.0,0.0,0,0,NA,
723280,Humboldt,1,NA,0.0,0.0,0,0,NA,
723281,Humboldt,1,NA,0.0,0.0,0,0,NA,1.0
723286,Humboldt,1,NA,7.23846145528282,0.5,0,0,NA,1.0
723489,Mendocino,1,NA,0.208210721675757,0.5,0,0,NA,1.0
723491,Mendocino,1,NA,0.69728354333735,0.5,0,0,NA,1.0
723493,Mendocino,1,758030,0.704337692583308,0.5,0,0,NA,1.0
723659,Humboldt,1,NA,1.23415170443804,0.5,0,0,NA,1.0
759005,Shasta,1,NA,0.168604567850043,0.5,0,0,NA,1.0
730535,Mendocino,1,NA,0.0,0.0,0,0,NA,
730536,Mendocino,1,NA,0.0838228362033019,0.0,0,0,NA,1.0
730539,Humboldt,1,715304,0.0,0.0,0,0,NA,
730540,Humboldt,1,715462,0.0,0.0,0,0,NA,
730541,Humboldt,1,NA,0.0,0.0,0,0,NA,
730550,Humboldt,1,NA,1.52428791491929,0.5,0,0,NA,
730710,Humboldt,1,NA,0.0,0.0,0,0,NA,1.0
730712,Humboldt,1,NA,0.0,0.5,0,0,NA,1.0
730713,Humboldt,1,NA,0.0,0.0,0,0,NA,1.0
730714,Humboldt,1,NA,0.0,0.0,0,0,NA,1.0
730715,Humboldt,1,NA,0.0,0.0,0,0,NA,1.0
730716,Humboldt,1,NA,0.0,0.5,0,0,NA,1.0
730717,Humboldt,1,NA,0.0,0.0,0,0,NA,1.0
730718,Humboldt,1,NA,0.0,0.0,0,0,NA,1.0
730721,Humboldt,1,NA,0.0,0.0,0,0,NA,1.0
730723,Humboldt,1,NA,0.0,0.0,0,0,NA,1.0
730724,Humboldt,1,NA,0.0,0.0,0,0,NA,1.0
730725,Humboldt,1,NA,0.0,0.0,0,0,NA,1.0
730726,Humboldt,1,NA,0.0,0.0,0,0,NA,1.0
730728,Humboldt,1,NA,0.0,0.0,0,0,NA,1.0
730729,Humboldt,1,NA,0.0,0.0,0,0,NA,1.0
730737,Humboldt,1,NA,0.0,0.0,0,0,NA,1.0
730742,Humboldt,1,NA,0.0,0.0,0,0,NA,1.0
730745,Humboldt,1,NA,0.0,0.5,0,0,NA,1.0
730746,Humboldt,1,NA,0.0,0.5,0,0,NA,1.0
730747,Humboldt,1,NA,1.55834065752751,0.5,0,0,NA,1.0
730748,Humboldt,1,NA,0.0,0.5,0,0,NA,1.0
730749,Humboldt,1,NA,0.0,0.5,0,0,NA,1.0
730750,Humboldt,1,NA,0.0,0.5,0,0,NA,1.0
730751,Humboldt,1,NA,4.28633652006274,0.5,0,0,NA,1.0
730752,Humboldt,1,NA,0.0,0.5,0,0,NA,1.0
730753,Humboldt,1,NA,0.0,0.5,0,0,NA,1.0
730755,Humboldt,1,NA,0.0,0.5,0,0,NA,1.0
730760,Humboldt,1,NA,0.0,0.5,0,0,NA,1.0
730764,Humboldt,1,730788,1.24506838493386,0.5,0,0,NA,1.0
730765,Humboldt,1,NA,0.0,0.5,0,0,NA,1.0
730767,Humboldt,1,NA,0.0,0.0,0,0,NA,1.0
730768,Humboldt,1,NA,0.0,0.5,0,0,NA,1.0
730769,Humboldt,1,NA,0.0,0.5,0,0,NA,1.0
730770,Humboldt,1,NA,0.0,0.5,0,0,NA,1.0
730772,Humboldt,1,NA,0.568977143134943,0.5,0,0,NA,1.0
730773,Humboldt,1,NA,0.0,0.5,0,0,NA,1.0
730774,Humboldt,1,NA,0.0,0.0,0,0,NA,1.0
730775,Humboldt,1,NA,0.0,0.0,0,0,NA,1.0
730777,Humboldt,1,NA,0.0,0.5,0,0,NA,1.0
730779,Humboldt,1,NA,0.0,0.0,0,0,NA,1.0
730780,Humboldt,1,NA,0.0,0.0,0,0,NA,1.0
730781,Humboldt,1,NA,0.0,0.0,0,0,NA,1.0
730782,Humboldt,1,NA,2.47826524570263,0.5,0,0,NA,1.0
730783,Humboldt,1,NA,0.0,0.0,0,0,NA,1.0
730784,Humboldt,1,NA,0.0,0.0,0,0,NA,1.0
730785,Humboldt,1,NA,0.0,0.5,0,0,NA,1.0
730786,Humboldt,1,NA,0.0,0.5,0,0,NA,1.0
730787,Humboldt,1,NA,0.0,0.5,0,0,NA,1.0
730788,Humboldt,1,NA,0.996884877551692,0.5,0,0,NA,1.0
730790,Humboldt,1,NA,0.0,0.5,0,0,NA,1.0
730791,Humboldt,1,NA,0.0,0.0,0,0,NA,1.0
730792,Humboldt,1,NA,0.0,0.5,0,0,NA,1.0
730793,Humboldt,1,NA,0.0,0.0,0,0,NA,1.0
730794,Humboldt,1,NA,0.0,0.0,0,0,NA,1.0
730795,Humboldt,1,NA,0.0,0.0,0,0,NA,1.0
730797,Humboldt,1,NA,0.0,0.5,0,0,NA,1.0
730798,Humboldt,1,NA,0.0,0.5,0,0,NA,1.0
730799,Humboldt,1,NA,0.0,0.5,0,0,NA,1.0
730800,Humboldt,1,NA,0.0,0.0,0,0,NA,1.0
730803,Humboldt,1,NA,0.0,0.5,0,0,NA,1.0
730804,Humboldt,1,NA,0.0,0.5,0,0,NA,1.0
730805,Humboldt,1,NA,0.0,0.5,0,0,NA,1.0
730806,Humboldt,1,NA,0.0,0.5,0,0,NA,1.0
730807,Humboldt,1,NA,0.0,0.5,0,0,NA,1.0
730808,Humboldt,1,NA,0.0,0.5,0,0,NA,1.0
730809,Humboldt,1,NA,0.0,0.0,0,0,NA,1.0
730810,Humboldt,1,NA,0.0,0.5,0,0,NA,1.0
730811,Humboldt,1,NA,0.0,0.5,0,0,NA,1.0
730812,Humboldt,1,NA,0.0,0.0,0,0,NA,1.0
730814,Humboldt,1,NA,0.0,0.5,0,0,NA,1.0
730817,Humboldt,1,NA,0.0,0.0,0,0,NA,1.0
730819,Humboldt,1,NA,0.0,0.5,0,0,NA,1.0
730821,Humboldt,1,NA,0.0,0.5,0,0,NA,1.0
730822,Humboldt,1,NA,0.0,0.5,0,0,NA,1.0
730825,Humboldt,1,NA,0.0,0.5,0,0,NA,1.0
730831,Humboldt,1,NA,0.0,0.0,0,0,NA,1.0
730832,Humboldt,1,NA,0.0,0.0,0,0,NA,1.0
730833,Humboldt,1,NA,0.0,0.0,0,0,NA,1.0
730834,Humboldt,1,NA,0.0,0.5,0,0,NA,1.0
730835,Humboldt,1,NA,0.0,0.5,0,0,NA,1.0
730838,Humboldt,1,NA,0.0,0.0,0,0,NA,1.0
730839,Humboldt,1,NA,0.0,0.0,0,0,NA,1.0
730842,Humboldt,1,NA,0.0,0.0,0,0,NA,1.0
730843,Humboldt,1,NA,0.0,0.0,0,0,NA,1.0
730844,Humboldt,1,NA,0.0,0.0,0,0,NA,1.0
730845,Humboldt,1,NA,0.0,0.0,0,0,NA,1.0
730846,Humboldt,1,NA,0.0,0.0,0,0,NA,1.0
730850,Humboldt,1,NA,0.0,0.5,0,0,NA,1.0
730854,Humboldt,1,NA,0.0,0.0,0,0,NA,1.0
730855,Humboldt,1,NA,0.0,0.5,0,0,NA,1.0
730857,Humboldt,1,NA,0.0,0.5,0,0,NA,1.0
730858,Humboldt,1,NA,0.0,0.5,0,0,NA,1.0
730859,Humboldt,1,NA,0.0,0.5,0,0,NA,1.0
730860,Humboldt,1,NA,2.57107966227718,0.5,0,0,NA,1.0
730861,Humboldt,1,NA,0.0,0.0,0,0,NA,1.0
730862,Humboldt,1,NA,0.0,0.5,0,0,NA,1.0
730866,Humboldt,1,NA,0.0,0.0,0,0,NA,1.0
730867,Humboldt,1,NA,0.0,0.5,0,0,NA,1.0
731064,Humboldt,1,NA,0.0,0.5,0,0,NA,1.0
731110,Ventura,1,NA,0.0,0.5,0,0,NA,1.0
731679,Ventura,1,NA,0.0,0.0,0,0,NA,1.0
735068,Mendocino,1,NA,0.0,0.5,0,0,NA,1.0
735069,Mendocino,1,NA,0.299065742381598,0.5,0,0,NA,1.0
735087,San Joaquin,1,NA,0.0849589594467933,0.5,0,0,NA,1.0
735088,San Joaquin,1,735087,0.616647556309657,0.5,0,0,NA,1.0
735089,San Joaquin,1,735088,1.3048304742141,0.5,0,0,NA,1.0
735090,San Joaquin,1,735089,1.47724595112687,0.5,0,0,NA,1.0
735091,San Joaquin,1,737023,2.57155333855177,0.5,0,0,NA,1.0
735092,San Joaquin,1,735091,0.470340767846771,0.5,0,0,NA,1.0
735093,San Joaquin,1,735092,2.37892689261425,0.5,0,0,NA,1.0
735094,San Joaquin,1,735093,7.08804934481528,0.5,0,0,NA,1.0
735095,San Joaquin,1,735096,1.337655,0.5,0,0,NA,1.0
735096,San Joaquin,1,735094,2.52341114808637,0.5,0,0,NA,1.0
735097,San Joaquin,1,735095,0.372299222866689,0.5,0,0,NA,1.0
735098,San Joaquin,1,735097,0.12327,0.0,0,0,NA,1.0
735099,San Joaquin,1,737024,0.191609985592619,0.5,0,0,NA,1.0
735100,San Joaquin,1,735099,0.946814633826171,0.5,0,0,NA,1.0
735101,San Joaquin,1,735100,1.55485415509651,0.5,0,0,NA,1.0
735102,San Joaquin,1,735101,19.1245590540985,0.5,0,0,NA,1.0
735104,San Joaquin,1,735102,0.36109935373462,0.5,0,0,NA,1.0
735105,Stanislaus,1,735104,0.12484325549171,0.5,0,0,NA,1.0
735106,San Joaquin,1,NA,4.06740844895082,0.5,0,0,NA,1.0
735111,San Joaquin,1,735109,0.370446021813826,0.5,0,0,NA,1.0
735112,San Joaquin,1,735111,0.685191889296276,0.5,0,0,NA,1.0
735113,San Joaquin,1,735112,0.92849209532468,0.5,0,0,NA,1.0
735114,San Joaquin,1,735113,1.28930608874145,0.5,0,0,NA,1.0
735115,San Joaquin,1,735114,0.119845475363398,0.5,0,0,NA,1.0
735116,San Joaquin,1,735115,0.628798696889224,0.5,0,0,NA,1.0
735117,San Joaquin,1,735116,0.728599223719056,0.5,0,0,NA,1.0
735118,San Joaquin,1,735117,1.1071524847659,0.5,0,0,NA,1.0
735119,San Joaquin,1,735118,0.135759230554523,0.5,0,0,NA,1.0
737408,Shasta,1,737407,0.708900926260556,0.5,0,0,NA,
735120,San Joaquin,1,735119,1.00939823525339,0.5,0,0,NA,1.0
735121,San Joaquin,1,735120,1.06037696431689,0.5,0,0,NA,1.0
735122,San Joaquin,1,735121,0.94631036776932,0.5,0,0,NA,1.0
735123,San Joaquin,1,735122,0.274750826875415,0.5,0,0,NA,1.0
735124,San Joaquin,1,735123,1.32342512477861,0.5,0,0,NA,1.0
735193,Humboldt,1,735194,0.418625104566019,0.5,0,0,NA,1.0
735194,Humboldt,1,NA,0.141602484308864,0.5,0,0,NA,1.0
735195,Humboldt,1,735193,0.610090082014587,0.5,0,0,NA,1.0
735196,Humboldt,1,735195,0.488712743967702,0.5,0,0,NA,1.0
736714,Del Norte,1,NA,0.0,0.0,0,0,NA,1.0
736717,Del Norte,1,NA,0.0,0.0,0,0,NA,1.0
736723,Humboldt,1,NA,0.0,0.0,0,0,NA,1.0
736724,Humboldt,1,NA,0.0,0.5,0,0,NA,1.0
736727,Humboldt,1,NA,0.0,0.0,0,0,NA,
736735,Humboldt,1,NA,0.379392576466438,0.5,0,0,NA,1.0
736738,Humboldt,1,NA,1.65915366657316,0.5,0,0,NA,1.0
736739,Humboldt,1,NA,0.0,0.5,0,0,NA,1.0
736740,Humboldt,1,NA,0.0,0.5,0,0,NA,1.0
736741,Humboldt,1,NA,0.0,0.5,0,0,NA,1.0
736742,Humboldt,1,NA,0.0,0.0,0,0,NA,1.0
736743,Humboldt,1,NA,0.0,0.5,0,0,NA,1.0
736744,Humboldt,1,NA,0.0,0.5,0,0,NA,1.0
736745,Humboldt,1,NA,0.0,0.5,0,0,NA,1.0
736746,Humboldt,1,NA,0.0,0.5,0,0,NA,1.0
736748,Humboldt,1,NA,0.0,0.0,0,0,NA,1.0
736749,Humboldt,1,NA,1.05401201866882,0.5,0,0,NA,1.0
736751,Humboldt,1,NA,0.681460226045854,0.5,0,0,NA,1.0
736753,Humboldt,1,NA,0.0598160381400247,0.5,0,0,NA,1.0
736754,Humboldt,1,707159,2.2485109197623,0.5,0,0,NA,1.0
736770,Humboldt,1,NA,0.0,0.0,0,0,NA,1.0
736789,Humboldt,1,NA,2.40093245154229,0.5,0,0,NA,1.0
736790,Siskiyou,1,758260,0.577349441355178,0.5,0,0,NA,1.0
736796,Humboldt,1,NA,21.2210004419968,0.5,0,0,NA,1.0
736799,Siskiyou,1,716016,15.5917236586976,0.5,0,0,NA,1.0
736800,Siskiyou,1,NA,11.0144912883966,0.5,0,0,NA,1.0
736801,Siskiyou,1,NA,5.16384595312033,0.5,0,0,NA,1.0
736802,Siskiyou,1,736801,5.58821680789224,0.5,0,0,NA,1.0
736803,Siskiyou,1,716016,56.7308738812887,0.5,0,0,NA,1.0
736804,Siskiyou,1,NA,0.0,0.0,0,0,NA,1.0
736807,Humboldt,1,NA,0.0,0.5,0,0,NA,1.0
736808,Humboldt,1,NA,0.0,0.5,0,0,NA,
736809,Humboldt,1,NA,0.0,0.0,0,0,NA,
736811,Humboldt,1,NA,3.93869168395472,0.5,0,0,NA,1.0
736812,Humboldt,1,736810,4.18651977183573,0.5,0,0,NA,
736813,Humboldt,1,718442,1.27973435273303,0.0,0,0,NA,1.0
736838,Humboldt,1,705815,1.98530923721675,0.0,0,0,NA,1.0
736839,Humboldt,1,NA,0.662513002607204,0.5,0,0,NA,1.0
736840,Humboldt,1,736839,2.86951286098259,0.5,0,0,NA,1.0
736841,Humboldt,1,736840,8.89506384086585,0.5,0,0,NA,1.0
736842,Humboldt,1,NA,0.0,0.0,0,0,NA,1.0
736843,Humboldt,1,NA,3.4067601746244,0.5,0,0,NA,
736844,Humboldt,1,NA,1.85176616344329,0.5,0,0,NA,1.0
736845,Humboldt,1,NA,0.0,0.0,0,0,NA,
736846,Humboldt,1,NA,0.526190725309486,0.0,0,0,NA,1.0
736847,Humboldt,1,NA,0.0,0.0,0,0,NA,
736848,Humboldt,1,715564,2.01037488257473,0.5,0,0,NA,
735108,San Joaquin,1,735106,1.6921641091256,0.5,0,0,NA,1.0
735109,San Joaquin,1,735108,0.848894611333591,0.5,0,0,NA,1.0
736920,Humboldt,1,NA,5.56328830995577,0.5,0,0,NA,1.0
737016,Humboldt,1,NA,1.02689826272962,0.0,0,0,NA,1.0
737023,San Joaquin,1,735090,0.0275920008559702,0.5,0,0,NA,1.0
737024,San Joaquin,1,703864,0.0505211437587433,0.5,0,0,NA,1.0
737026,Shasta,1,759005,9.42008652155033,0.5,0,0,NA,1.0
737272,Humboldt,1,NA,1.52736622318335,0.5,0,0,NA,1.0
737277,Humboldt,1,NA,1.13422819856628,0.0,0,0,NA,1.0
737290,Shasta,1,NA,0.0,0.5,0,0,NA,1.0
737360,Siskiyou,1,758260,12.777241737509,0.5,0,0,NA,1.0
737363,Ventura,1,713887,3.61043091301726,0.0,0,0,NA,1.0
737364,Mendocino,1,NA,13.2162900115596,0.5,0,0,NA,1.0
737366,Siskiyou,1,736803,4.7668463524953,0.0,0,0,NA,1.0
737401,Shasta,1,712023,0.403851970540232,0.5,0,0,NA,
737402,Shasta,1,737401,0.410158611251321,0.5,0,0,NA,
737403,Shasta,1,737402,0.0394411039664403,0.5,0,0,NA,
737404,Shasta,1,712022,0.163985017594597,0.5,0,0,NA,
737405,Shasta,1,737404,0.081305763249482,0.5,0,0,NA,
737406,Shasta,1,737405,0.118044269880075,0.5,0,0,NA,
737411,Shasta,1,720502,0.888716729447778,0.5,0,0,NA,
737412,Shasta,1,NA,0.0,0.0,0,0,NA,1.0
737413,Shasta,1,NA,0.824656821866925,0.5,0,0,NA,
737414,Shasta,1,737413,0.293680669594404,0.5,0,0,NA,
737415,Shasta,1,737414,0.0360605204878054,0.5,0,0,NA,
737416,Shasta,1,737415,0.0789844176058966,0.5,0,0,NA,
737417,Shasta,1,737416,0.14790619473828,0.5,0,0,NA,
737418,Shasta,1,737417,0.150255047101719,0.5,0,0,NA,
737419,Shasta,1,737418,0.143515710366852,0.5,0,0,NA,
737420,Shasta,1,737419,1.86414745237572,0.5,0,0,NA,
737421,Shasta,1,737420,18.7126458585202,0.5,0,0,NA,1.0
757948,Humboldt,1,NA,0.0,0.5,0,0,NA,1.0
758002,Humboldt,1,NA,0.0,0.5,0,0,NA,1.0
758009,Humboldt,1,NA,0.0,0.0,0,0,NA,
758010,Trinity,1,705988,0.0,0.0,0,0,NA,
758014,Humboldt,1,NA,11.2617656733462,0.5,0,0,NA,
758018,Mendocino,1,NA,0.0,0.0,0,0,NA,
758019,Mendocino,1,NA,0.0,0.0,0,0,NA,1.0
758021,Mendocino,1,715024,0.0,0.0,0,0,NA,
758022,Trinity,1,715024,0.0,0.0,0,0,NA,
758026,Trinity,1,715442,2.81573122814715,0.5,0,0,NA,
758027,Trinity,1,715442,0.883616107117957,0.5,0,0,NA,
758030,Mendocino,1,NA,3.72876314931844,0.5,0,0,NA,
758032,Mendocino,1,705900,0.0,0.0,0,0,NA,
758033,Mendocino,1,NA,0.0,0.0,0,0,NA,
758034,Mendocino,1,NA,0.0,0.0,0,0,NA,
758040,San Mateo,1,NA,0.0,0.0,0,0,NA,1.0
758112,Shasta,1,NA,0.0,0.0,0,0,NA,
758118,Shasta,1,NA,0.0,0.0,0,0,NA,
758239,Shasta,1,NA,1.27800690026704,0.5,0,0,NA,1.0
758260,Siskiyou,1,NA,17.5006105944008,0.5,0,0,NA,1.0
758262,Siskiyou,1,711926,13.0151478053428,0.5,0,0,NA,1.0
758553,Mendocino,1,NA,0.0,0.0,0,0,NA,1.0
758554,Mendocino,1,712822,0.76191782949201,0.0,0,0,NA,1.0
758555,Mendocino,1,764902,1.6361616979269,0.5,0,0,NA,1.0
758556,Mendocino,1,NA,1.56359949082435,0.0,0,0,NA,1.0
758557,Mendocino,1,NA,0.0,0.0,0,0,NA,1.0
758558,Mendocino,1,NA,0.0,0.0,0,0,NA,1.0
758559,Mendocino,1,NA,0.664853735587808,0.0,0,0,NA,1.0
758561,Mendocino,1,NA,0.0,0.0,0,0,NA,1.0
758562,Mendocino,1,NA,1.50587435119374,0.0,0,0,NA,1.0
758563,Mendocino,1,NA,2.55943646589206,0.0,0,0,NA,1.0
758564,Mendocino,1,NA,2.31426114985779,0.5,0,0,NA,1.0
758565,Humboldt,1,NA,0.0971648699863645,0.0,0,0,NA,1.0
758569,Humboldt,1,NA,0.0,0.0,0,0,NA,1.0
758571,Humboldt,1,NA,0.0,0.5,0,0,NA,1.0
758573,Humboldt,1,NA,0.0,0.0,0,0,NA,1.0
758575,Humboldt,1,NA,0.0,0.0,0,0,NA,1.0
758577,Humboldt,1,NA,0.0,0.0,0,0,NA,1.0
758578,Alameda,1,719280,13.5988137729738,0.5,0,0,NA,1.0
758580,Del Norte,1,NA,0.0,0.5,0,0,NA,
758581,Del Norte,1,721887,0.968958473150998,0.5,0,0,NA,
758582,Del Norte,1,NA,0.0,0.5,0,0,NA,
758583,Del Norte,1,NA,0.332117462280227,0.0,0,0,NA,1.0
758584,Del Norte,1,NA,0.053617821805992,0.5,0,0,NA,
758586,Humboldt,1,NA,4.21456432301628,0.0,0,0,NA,1.0
758591,Humboldt,1,NA,2.48158094221655,0.0,0,0,NA,1.0
758594,Humboldt,1,758595,5.18228889665275,0.0,0,0,NA,1.0
758595,Humboldt,1,758596,0.15577063410906,0.0,0,0,NA,1.0
758596,Humboldt,1,NA,0.539611529932496,0.5,0,0,NA,1.0
758607,Humboldt,1,NA,4.73662975365633,0.5,0,0,NA,1.0
758776,Humboldt,1,705783,0.16167099092641,0.5,0,0,NA,1.0
758777,Humboldt,1,758776,1.95466036160896,0.5,0,0,NA,1.0
758778,Humboldt,1,758777,0.149314895874277,0.5,0,0,NA,1.0
758779,Humboldt,1,758778,1.82285365368758,0.5,0,0,NA,1.0
758780,Humboldt,1,758779,1.46690923155646,0.5,0,0,NA,1.0
758786,Del Norte,1,707900,0.0,0.0,0,0,NA,
758788,Del Norte,1,NA,0.0,0.0,0,0,NA,
758999,Shasta,1,NA,5.62588828971196,0.5,0,0,NA,1.0
759000,Shasta,1,758999,8.25643938353569,0.5,0,0,NA,1.0
759002,Shasta,1,NA,0.254350290809681,0.5,0,0,NA,1.0
759003,Shasta,1,759002,1.45605765964343,0.5,0,0,NA,
759004,Shasta,1,NA,0.0,0.0,0,0,NA,
759057,Siskiyou,1,NA,0.0,0.5,0,0,NA,1.0
759946,Del Norte,1,NA,0.282522,0.5,0,0,NA,1.0
759947,Del Norte,1,759946,1.12158,0.5,0,0,NA,1.0
759948,Del Norte,1,NA,0.0,0.5,0,0,NA,1.0
759949,Del Norte,1,NA,0.0,0.5,0,0,NA,1.0
762588,Siskiyou,1,NA,0.0,0.5,0,0,NA,1.0
762589,Humboldt,1,NA,0.0,0.0,0,0,NA,
764902,Mendocino,1,NA,12.8266323874188,0.5,0,0,NA,1.0
764903,Humboldt,1,NA,0.0,0.0,0,0,NA,1.0
